Town,County,Latitude,Longitude,Bus,Motorcycle,Other,Rail,Car,Bicyle / On Foot,Total,Cluster,Classification
Abbeydorney,Kerry,52.346618,-9.6879095,68,0,2,2,604,54,730,0,Town (Small)
Abbeyfeale,Limerick,52.3851792,-9.3007966,64,2,10,2,1840,476,2394,0,Town (Small)
Abbeyknockmoy,Galway,53.43649,-8.74804,76,0,2,0,378,18,474,0,Town (Small)
Abbeyleix,Laois,52.9152801,-7.347892300000001,258,4,6,46,1560,304,2178,0,Town (Small)
Adamstown,Wexford,52.3935687,-6.7185567,10,0,0,0,262,78,350,0,Town (Small)
Adare,Limerick,52.5636521,-8.7925281,106,0,8,4,1094,262,1474,0,Town (Small)
Aghada-Rostellan,Cork,51.8394856,-8.2149056,168,2,0,14,1098,100,1382,0,Town (Small)
Aglish,Waterford,52.0715072,-7.822269599999999,50,2,2,0,272,52,378,0,Town (Small)
Ahascragh,Galway,53.3976127,-8.3346318,12,0,6,2,154,8,182,0,Town (Small)
Ailt An Chorráin,Donegal,54.9845286,-8.4326581,30,0,0,0,204,32,266,0,Town (Small)
Allenwood,Kildare,53.2839545,-6.8618405,246,8,24,20,1784,168,2250,0,Town (Small)
An Bun Beag,Donegal,55.060874,-8.3003485,46,0,6,0,670,90,812,0,Town (Small)
An Charraig,Donegal,54.6577244,-8.632748399999999,18,0,2,2,286,62,370,0,Town (Small)
An Cheathrú Rua,Galway,53.2641084,-9.5982671,30,0,2,2,486,120,640,0,Town (Small)
An Clochán Liath,Donegal,54.95028869999999,-8.357362799999999,44,4,4,4,942,220,1218,0,Town (Small)
An Fál Carrach,Donegal,55.13640840000001,-8.1044862,44,0,6,0,512,196,758,0,Town (Small)
An Rinn,Waterford,52.04689450000001,-7.571887899999999,30,0,2,2,686,126,846,0,Town (Small)
An Spidéal,Galway,53.2441766,-9.3058803,10,0,0,0,242,70,322,0,Town (Small)
Anagaire,Donegal,55.02044,-8.31366,50,0,2,0,220,40,312,0,Town (Small)
Annacotty,Limerick,52.667128,-8.5324694,204,2,10,0,3040,956,4212,0,Town (Small)
Annagassan,Louth,53.882628,-6.343494199999999,32,0,2,0,178,16,228,0,Town (Small)
Annaghdown,Galway,53.3881317,-9.0710338,26,0,2,0,230,2,260,0,Town (Small)
Annascaul,Kerry,52.1510786,-10.0567611,60,0,0,0,246,38,344,0,Town (Small)
Annayalla,Monaghan,54.16064,-6.788880000000001,34,0,2,0,238,42,316,0,Town (Small)
Ardagh,Limerick,52.4941478,-9.0637542,18,0,6,0,268,30,322,0,Town (Small)
Ardara,Donegal,54.7671456,-8.4092864,106,0,0,0,582,160,848,0,Town (Small)
Ardee,Louth,53.8576227,-6.5400009,366,4,20,12,4234,1684,6320,0,Town (Small)
Ardfert,Kerry,52.3282825,-9.767440599999999,72,0,4,0,706,88,870,0,Town (Small)
Ardfinnan,Tipperary,52.3092483,-7.8842292,140,2,2,2,954,84,1184,0,Town (Small)
Ardmore,Waterford,51.9510741,-7.725328999999999,54,2,0,2,314,126,498,0,Town (Small)
Ardnacrusha,Clare,52.7104277,-8.602863,82,0,4,2,1564,50,1702,0,Town (Small)
Arklow,Wicklow,52.79769349999999,-6.1599293,648,26,34,176,11320,3708,15912,3,Town (Medium)
Arthurstown,Wexford,52.24206059999999,-6.9517472,6,0,4,0,116,14,140,0,Town (Small)
Arvagh,Cavan,53.9214383,-7.5799134,38,0,12,2,348,112,512,0,Town (Small)
Ashbourne,Meath,53.5111621,-6.3973818,2090,84,36,48,13612,5782,21652,3,Town (Medium)
Ashford,Wicklow,53.0107896,-6.108289000000001,216,8,4,30,1772,198,2228,0,Town (Small)
Askeaton,Limerick,52.6005095,-8.975062,46,0,4,2,912,312,1276,0,Town (Small)
Athboy,Meath,53.6236329,-6.915636999999999,328,6,10,8,2190,664,3206,0,Town (Small)
Athea,Limerick,52.4606497,-9.287626,52,0,6,0,320,80,458,0,Town (Small)
Athenry,Galway,53.3008131,-8.745376799999999,146,10,4,262,4528,1140,6090,0,Town (Small)
Athgarvan,Kildare,53.15289079999999,-6.777700299999999,72,4,6,68,1416,142,1708,0,Town (Small)
Athleague,Roscommon,53.5676272,-8.2567472,44,0,0,2,304,44,394,0,Town (Small)
Athlone,Westmeath,53.4239331,-7.940689799999999,2472,36,70,402,17500,5184,25664,3,Town (Medium)
Athy,Kildare,52.9918336,-6.985728,828,30,40,600,8744,2652,12894,0,Town (Small)
Aughnacliffe,Longford,53.84885,-7.60445,26,0,2,2,160,18,208,0,Town (Small)
Aughrim,Wicklow,52.8559337,-6.325933099999999,308,4,6,16,1226,194,1754,0,Town (Small)
Avoca,Wicklow,52.8586664,-6.2140891,116,4,8,20,600,128,876,0,Town (Small)
Baile Chláir,Galway,53.34090310000001,-8.9456735,126,8,0,4,1570,546,2254,0,Town (Small)
Baile Mhic Íre,Cork,51.93639049999999,-9.1454314,18,0,4,0,336,112,470,0,Town (Small)
Bailieborough,Cavan,53.9156096,-6.969294199999999,158,2,18,2,2324,572,3076,0,Town (Small)
Balbriggan,Dublin,53.6083194,-6.182079799999999,2650,76,60,2694,17318,8868,31666,3,Town (Medium)
Balla,Mayo,53.8043767,-9.1305014,26,0,10,0,926,154,1116,0,Town (Small)
Ballaghaderreen,Roscommon,53.9016968,-8.5792106,112,2,20,16,1548,670,2368,0,Town (Small)
Ballina,Mayo,54.1149482,-9.1550693,1102,8,26,16,8734,2158,12044,0,Town (Small)
Ballina,Tipperary,52.8070154,-8.430917899999999,170,4,8,16,2732,988,3918,0,Town (Small)
Ballinabrannagh,Carlow,52.785424,-6.984884200000001,68,0,12,12,610,136,838,0,Town (Small)
Ballinaclash,Wicklow,52.9052365,-6.2579487,82,0,4,12,280,2,380,0,Town (Small)
Ballinagar,Offaly,53.2662048,-7.337107199999998,38,0,2,0,354,46,440,0,Town (Small)
Ballinagh,Cavan,53.9302,-7.41044,180,0,4,2,904,160,1250,0,Town (Small)
Ballinakill,Laois,52.8745935,-7.3085929,10,0,6,6,454,54,530,0,Town (Small)
Ballinalack,Westmeath,53.63055809999999,-7.473040999999999,26,0,2,2,164,14,208,0,Town (Small)
Ballinalee,Longford,53.7750724,-7.6550915,52,0,4,8,346,34,444,0,Town (Small)
Ballinameen,Roscommon,53.8972258,-8.301216,24,0,4,0,296,2,326,0,Town (Small)
Ballinamore,Leitrim,54.0522181,-7.8032043,58,0,8,4,844,292,1206,0,Town (Small)
Ballinasloe,Galway,53.3281251,-8.2236807,356,12,36,116,4994,1272,6786,0,Town (Small)
Ballincar,Sligo,54.2979892,-8.497289499999999,16,0,2,0,312,24,354,0,Town (Small)
Ballinderreen,Galway,53.18567210000001,-8.909645399999999,56,0,2,2,390,108,558,0,Town (Small)
Ballindine,Mayo,53.66925690000001,-8.9567295,50,0,4,0,438,68,560,0,Town (Small)
Ballindrait,Donegal,54.8451594,-7.526530599999999,8,0,2,0,70,4,84,0,Town (Small)
Ballineen-Enniskean,Cork,51.73824,-8.930579999999999,98,0,6,0,556,140,800,0,Town (Small)
Ballingarry,Limerick,52.4732187,-8.8627555,58,0,2,0,614,102,776,0,Town (Small)
Ballingarry,Tipperary,52.5863379,-7.5416271,22,0,2,8,218,40,290,0,Town (Small)
Ballinlough,Roscommon,53.7418858,-8.6335579,12,0,4,0,308,28,352,0,Town (Small)
Ballinroad,Waterford,52.1037518,-7.5734156,40,2,8,0,1810,160,2020,0,Town (Small)
Ballinrobe,Mayo,53.6237338,-9.2211143,172,4,16,6,2650,836,3684,0,Town (Small)
Ballinspittle,Cork,51.6663408,-8.596594099999999,58,0,0,0,330,74,462,0,Town (Small)
Ballintober,Roscommon,53.7180878,-8.4100998,8,0,2,2,206,20,238,0,Town (Small)
Ballintogher,Sligo,54.2006449,-8.3649676,60,0,4,0,392,48,504,0,Town (Small)
Ballintra,Donegal,54.57884989999999,-8.1243234,20,0,0,0,226,14,260,0,Town (Small)
Ballitore,Kildare,53.009742,-6.8156295,82,0,0,6,644,30,762,0,Town (Small)
Ballivor,Meath,53.5329521,-6.968071699999999,370,0,6,14,1826,326,2542,0,Town (Small)
Ballon,Carlow,52.7391042,-6.769783899999999,128,2,0,4,702,192,1028,0,Town (Small)
Ballyagran,Limerick,52.4018224,-8.782366699999999,14,0,2,0,180,10,206,0,Town (Small)
Ballybay,Monaghan,54.1294617,-6.9027864,62,0,14,2,1226,340,1644,0,Town (Small)
Ballybofey-Stranorlar,Donegal,54.80166699999999,-7.774999999999999,662,4,36,4,4648,762,6116,0,Town (Small)
Ballyboghil,Dublin,53.52020599999999,-6.267595399999999,94,6,4,32,804,162,1102,0,Town (Small)
Ballybrittas,Laois,53.109028,-7.1374187,60,2,2,14,518,16,612,0,Town (Small)
Ballybunion,Kerry,52.51108,-9.670969999999999,34,0,2,10,1234,276,1556,0,Town (Small)
Ballycanew,Wexford,52.6106782,-6.3049672,76,0,6,6,526,90,704,0,Town (Small)
Ballycannan,Clare,52.70296399999999,-8.649498,30,4,2,0,708,12,756,0,Town (Small)
Ballycastle,Mayo,54.2796698,-9.372464299999999,22,0,0,0,150,20,192,0,Town (Small)
Ballyclerahan,Tipperary,52.4118971,-7.753067199999999,58,2,10,2,1092,118,1282,0,Town (Small)
Ballyclogh,Cork,52.1673919,-8.742242,42,0,6,2,276,44,370,0,Town (Small)
Ballycolla,Laois,52.8825474,-7.446860600000001,4,0,0,0,136,6,146,0,Town (Small)
Ballyconnell,Cavan,54.1162175,-7.583954299999999,206,12,10,4,1132,350,1714,0,Town (Small)
Ballycotton,Cork,51.8299148,-8.0097621,38,0,0,0,426,72,536,0,Town (Small)
Ballycullane,Wexford,52.2803179,-6.8397818,30,0,2,2,182,34,250,0,Town (Small)
Ballycumber,Offaly,53.3264159,-7.686113700000001,16,0,0,0,214,18,248,0,Town (Small)
Ballydehob,Cork,51.5644261,-9.463412199999999,22,0,4,0,222,58,306,0,Town (Small)
Ballydesmond,Cork,52.1796564,-9.2341524,18,2,12,0,228,28,288,0,Town (Small)
Ballyduff,Kerry,52.45455159999999,-9.662905199999999,74,2,0,0,340,62,478,0,Town (Small)
Ballyforan,Roscommon,53.4700864,-8.270057999999999,28,0,0,0,184,50,262,0,Town (Small)
Ballygar,Galway,53.5238778,-8.3346912,34,2,2,2,554,192,786,0,Town (Small)
Ballygarvan,Cork,51.824267,-8.4612549,82,0,4,0,626,114,826,0,Town (Small)
Ballygawley,Sligo,54.1920204,-8.4452435,36,0,0,2,356,8,402,0,Town (Small)
Ballyhack,Wexford,52.2487468,-6.9640362,12,0,0,0,154,32,198,0,Town (Small)
Ballyhahill,Limerick,52.5595432,-9.1944765,24,0,2,0,120,34,180,0,Town (Small)
Ballyhaise,Cavan,54.0473393,-7.315509299999999,124,0,4,2,692,172,994,0,Town (Small)
Ballyhale,Kilkenny,52.4669813,-7.2002655,6,0,2,0,182,40,230,0,Town (Small)
Ballyhaunis,Mayo,53.7628378,-8.7645957,180,2,12,26,1724,950,2894,0,Town (Small)
Ballyheigue,Kerry,52.3904645,-9.8277419,120,0,2,4,378,42,546,0,Town (Small)
Ballyhogue,Wexford,52.41432,-6.575349999999999,60,0,0,0,252,22,334,0,Town (Small)
Ballyhooly,Cork,52.1452748,-8.3980968,80,0,0,0,606,124,810,0,Town (Small)
Ballyjamesduff,Cavan,53.8638736,-7.206456199999999,164,2,16,4,2534,1082,3802,0,Town (Small)
Ballyknockan,Wicklow,53.1029934,-6.4959254,56,0,0,0,238,6,300,0,Town (Small)
Ballylanders,Limerick,52.37351659999999,-8.3455064,36,0,2,0,266,88,392,0,Town (Small)
Ballyliffin,Donegal,55.2784391,-7.3942123,82,0,2,0,374,46,504,0,Town (Small)
Ballylinan,Laois,52.94358829999999,-7.0420455,206,2,12,32,1176,148,1576,0,Town (Small)
Ballylongford,Kerry,52.5479992,-9.4788097,66,0,4,0,354,18,442,0,Town (Small)
Ballymacarbry,Waterford,52.2670804,-7.717650399999999,24,0,0,0,138,14,176,0,Town (Small)
Ballymacoda,Cork,51.89210929999999,-7.9395743,62,2,0,0,218,0,282,0,Town (Small)
Ballymahon,Longford,53.5643632,-7.764596399999999,40,2,2,6,1162,524,1736,0,Town (Small)
Ballymore,Westmeath,53.4909131,-7.679746399999999,64,0,8,8,500,50,630,0,Town (Small)
Ballymore Eustace,Kildare,53.1330099,-6.614880899999999,112,0,0,12,600,92,816,0,Town (Small)
Ballymote,Sligo,54.08982880000001,-8.5171827,98,4,4,18,1534,364,2022,0,Town (Small)
Ballymurn,Wexford,52.4412829,-6.477046899999999,84,2,2,2,690,78,858,0,Town (Small)
Ballynacargy,Westmeath,53.5820789,-7.5364989,28,0,0,0,128,48,204,0,Town (Small)
Ballynacarrow,Sligo,54.13409679999999,-8.560462,18,0,0,0,256,28,302,0,Town (Small)
Ballyneety,Limerick,52.5977547,-8.5490207,36,0,0,2,682,18,738,0,Town (Small)
Ballynoe,Cork,51.9472538,-8.4460079,50,0,0,0,208,6,264,0,Town (Small)
Ballyoulster,Kildare,53.34146459999999,-6.512193799999999,80,2,2,10,336,60,490,0,Town (Small)
Ballyporeen,Tipperary,52.2701094,-8.0992106,42,0,4,2,252,60,360,0,Town (Small)
Ballyragget,Kilkenny,52.7888894,-7.3328641,148,0,10,4,952,188,1302,0,Town (Small)
Ballyroan,Laois,52.9483991,-7.304667599999998,102,0,6,4,712,64,888,0,Town (Small)
Ballyroe,Kildare,52.9578429,-6.9389751,24,0,2,4,160,36,226,0,Town (Small)
Ballysadare,Sligo,54.2121162,-8.5090366,88,4,10,10,2012,272,2396,0,Town (Small)
Ballyshannon,Donegal,54.5029882,-8.1920416,124,2,4,6,1626,514,2276,0,Town (Small)
Ballysimon,Wexford,52.5227528,-6.483686199999999,32,0,12,0,356,40,440,0,Town (Small)
Ballyvaughan,Clare,53.1155333,-9.149423299999999,34,0,2,0,94,48,178,0,Town (Small)
Balrothery,Dublin,53.2915766,-6.339198199999999,380,10,4,84,2030,498,3006,0,Town (Small)
Baltimore,Cork,51.4843274,-9.3661093,86,2,8,4,272,90,462,0,Town (Small)
Baltinglass,Wicklow,52.9407807,-6.710979999999999,104,4,8,12,2014,774,2916,0,Town (Small)
Baltray,Louth,53.7371107,-6.2704904,10,0,0,4,166,2,182,0,Town (Small)
Banagher,Offaly,53.1901112,-7.986104900000001,62,0,12,6,1372,586,2038,0,Town (Small)
Bandon,Cork,51.74586679999999,-8.735055299999999,808,18,44,18,7458,1716,10062,0,Town (Small)
Bangor Erris,Mayo,54.14464839999999,-9.7428784,50,0,4,0,266,70,390,0,Town (Small)
Bansha,Tipperary,52.4482369,-8.0642959,42,0,0,6,256,62,366,0,Town (Small)
Banteer,Cork,52.12946059999999,-8.8935092,36,0,2,10,312,50,410,0,Town (Small)
Bantry,Cork,51.6800803,-9.452576299999999,102,2,12,2,2240,780,3138,0,Town (Small)
Barndarrig,Wicklow,52.90998,-6.11336,54,0,2,2,256,10,324,0,Town (Small)
Barntown,Wexford,52.34238800000001,-6.5284919,34,0,0,4,526,26,590,0,Town (Small)
Baylin,Westmeath,53.43380999999999,-7.840739999999998,14,0,0,6,340,26,386,0,Town (Small)
Bearna,Galway,53.2506642,-9.155134499999999,144,8,10,8,2436,362,2968,0,Town (Small)
Beaufort,Kerry,52.0722344,-9.6392584,26,0,2,2,280,18,328,0,Town (Small)
Beaulieu,Louth,53.7280656,-6.2935757,12,2,6,4,230,12,266,0,Town (Small)
Belcarra,Mayo,53.8022746,-9.2141371,12,0,0,0,180,36,228,0,Town (Small)
Belgooly,Cork,51.7368994,-8.481586900000002,206,0,2,6,888,140,1242,0,Town (Small)
Bellanagare,Roscommon,53.8369829,-8.3815026,12,0,4,0,124,14,154,0,Town (Small)
Bellanode,Monaghan,54.266922,-7.0364418,64,0,2,0,484,22,572,0,Town (Small)
Bellavary,Mayo,53.89366,-9.15104,20,0,0,0,186,34,240,0,Town (Small)
Belmont,Offaly,53.2560708,-7.895165199999999,12,0,0,0,152,14,178,0,Town (Small)
Belturbet,Cavan,54.10190559999999,-7.449668,120,0,4,6,1154,306,1590,0,Town (Small)
Bennettsbridge,Kilkenny,52.5923475,-7.1843272,72,0,8,2,600,100,782,0,Town (Small)
Birr,Offaly,53.0980052,-7.909688200000001,152,2,24,36,3602,1314,5130,0,Town (Small)
Blacklion,Cavan,54.2920639,-7.875127599999999,8,0,0,4,162,22,196,0,Town (Small)
Blackwater,Wexford,52.4473539,-6.346930299999999,60,0,0,2,390,62,514,0,Town (Small)
Blarney,Cork,51.9338275,-8.5612438,198,4,2,8,2798,370,3380,0,Town (Small)
Blessington,Wicklow,53.1696579,-6.534068700000001,808,20,16,52,5150,1570,7616,0,Town (Small)
Boherbue,Cork,52.1582386,-9.0684828,8,0,0,0,406,118,532,0,Town (Small)
Boherlahan,Tipperary,52.5730161,-7.893562899999999,16,0,2,4,170,20,212,0,Town (Small)
Bohola,Mayo,53.9025842,-9.0549945,26,0,0,0,170,10,206,0,Town (Small)
Bonniconlon,Mayo,54.10908999999999,-9.03075,12,0,0,0,204,36,252,0,Town (Small)
Borris,Carlow,52.6012982,-6.9279771,20,0,4,6,438,164,632,0,Town (Small)
Borris-In-Ossory,Laois,52.93917769999999,-7.6310983,104,0,4,6,538,124,776,0,Town (Small)
Borrisokane,Tipperary,52.9963736,-8.127325599999999,62,6,2,0,808,330,1208,0,Town (Small)
Borrisoleigh,Tipperary,52.7525257,-7.957887599999999,12,2,12,8,662,134,830,0,Town (Small)
Boyle,Roscommon,53.9722082,-8.2972756,136,0,14,20,1886,684,2740,0,Town (Small)
Bracknagh,Offaly,53.209205,-7.0981836,28,0,4,4,238,16,290,0,Town (Small)
Brannockstown,Kildare,53.1226695,-6.693786599999999,8,4,2,10,254,10,288,0,Town (Small)
Bray,Wicklow,53.2006993,-6.110931900000001,4460,170,114,3360,22580,8834,39518,3,Town (Medium)
Bree,Wexford,52.43517689999999,-6.6087149,34,0,0,2,318,58,412,0,Town (Small)
Bridebridge,Cork,51.9271158,-8.4865968,24,2,4,0,204,28,262,0,Town (Small)
Bridge End,Donegal,55.0422391,-7.3821884,50,0,4,0,360,52,466,0,Town (Small)
Bridgetown,Wexford,52.2302422,-6.549064,80,0,0,0,446,92,618,0,Town (Small)
Brittas,Dublin,53.2288212,-6.4432551,26,0,2,4,168,2,202,0,Town (Small)
Broadford,Clare,52.8060302,-8.6328674,36,0,4,0,328,56,424,0,Town (Small)
Broadford,Limerick,52.34552859999999,-8.9752937,12,0,2,0,194,48,256,0,Town (Small)
Brosna,Kerry,52.3125648,-9.267679,16,0,0,0,130,14,160,0,Town (Small)
Bruff,Limerick,52.4755485,-8.5474034,106,0,8,4,756,172,1046,0,Town (Small)
Bruree,Limerick,52.4243025,-8.6606015,62,0,4,0,600,56,722,0,Town (Small)
Bun Na Leaca,Donegal,55.1297357,-8.2804066,148,0,0,0,422,26,596,0,Town (Small)
Bunclody,Wexford,52.6550857,-6.652193,52,2,4,12,1474,456,2000,0,Town (Small)
Buncrana,Donegal,55.1365797,-7.4560128,374,0,48,4,6672,1124,8222,0,Town (Small)
Bundoran,Donegal,54.4791416,-8.2779341,122,2,6,12,1906,720,2768,0,Town (Small)
Bunratty,Clare,52.6980379,-8.8148982,36,2,0,2,338,12,390,0,Town (Small)
Burnfoot,Donegal,55.0583056,-7.4049447,92,0,6,0,378,10,486,0,Town (Small)
Butlersbridge,Cavan,54.0452119,-7.3769588,20,0,4,0,260,46,330,0,Town (Small)
Buttevant,Cork,52.2321335,-8.670124699999999,52,2,2,8,836,208,1108,0,Town (Small)
Bweeng,Cork,52.0448011,-8.7231577,96,0,4,2,908,82,1092,0,Town (Small)
Béal An Mhuirthead,Mayo,54.2238996,-9.9876028,50,0,4,2,854,274,1184,0,Town (Small)
Béal Átha An Ghaorthaidh,Cork,51.8507469,-9.232640199999999,2,0,0,0,246,46,294,0,Town (Small)
Caherconlish,Limerick,52.5951658,-8.4723577,236,0,2,2,1498,180,1918,0,Town (Small)
Cahir,Tipperary,52.3745296,-7.925246899999999,308,2,12,20,2970,832,4144,0,Town (Small)
Cahirciveen,Kerry,51.9477992,-10.2209047,56,2,2,2,672,372,1106,0,Town (Small)
Callan,Kilkenny,52.544567,-7.390170899999999,182,4,6,8,2396,656,3252,0,Town (Small)
Calverstown,Kildare,53.0826121,-6.797989400000001,132,0,2,28,760,20,942,0,Town (Small)
Camolin,Wexford,52.6156787,-6.4263356,66,4,10,0,352,64,496,0,Town (Small)
Campile,Wexford,52.2881507,-6.9413872,114,0,2,0,262,12,390,0,Town (Small)
Cappamore,Limerick,52.6149925,-8.3377813,80,6,6,0,470,166,728,0,Town (Small)
Cappawhite,Tipperary,52.5822151,-8.164659000000002,36,0,0,4,334,78,452,0,Town (Small)
Cappoquin,Waterford,52.1462713,-7.842743799999999,116,0,4,0,566,162,848,0,Town (Small)
Carlanstown,Meath,53.7597065,-6.841353799999999,94,2,6,0,826,138,1066,0,Town (Small)
Carlingford,Louth,54.0468677,-6.190181,174,2,4,10,1120,268,1578,0,Town (Small)
Carlow,Carlow,52.835854,-6.932474399999999,1208,122,114,478,22762,7268,31952,3,Town (Medium)
Carndonagh,Donegal,55.2506229,-7.266890500000001,204,0,22,4,2462,456,3148,0,Town (Small)
Carnew,Wicklow,52.7096658,-6.4992316,32,0,4,10,908,400,1354,0,Town (Small)
Carney,Sligo,54.3386704,-8.5277091,118,0,2,4,458,12,594,0,Town (Small)
Carragh,Kildare,53.2371324,-6.7289787,188,0,0,92,1018,220,1518,0,Town (Small)
Carraig Airt,Donegal,55.1775506,-7.793277699999999,54,0,0,0,204,26,284,0,Town (Small)
Carrick-On-Shannon,Leitrim,53.945181,-8.0863766,176,10,14,54,4310,1096,5660,0,Town (Small)
Carrick-on-Suir,Tipperary,52.3467186,-7.414770799999999,584,6,6,14,4312,1232,6154,0,Town (Small)
Carrickmacross,Monaghan,53.9779778,-6.7188238,482,8,38,2,4738,1574,6842,0,Town (Small)
Carrig on Bannow,Wexford,52.2385344,-6.7321656,84,0,2,0,322,50,458,0,Town (Small)
Carrigaline,Cork,51.8164452,-8.3912494,1796,58,64,26,20048,3152,25144,3,Town (Medium)
Carrigallen,Leitrim,53.9769348,-7.644325899999999,10,0,0,6,426,144,586,0,Town (Small)
Carrigans,Donegal,54.9512185,-7.428285199999999,54,0,2,2,374,18,450,0,Town (Small)
Carrigkerry,Limerick,52.49449,-9.1486153,26,0,0,0,154,20,200,0,Town (Small)
Carrignavar,Cork,51.9891078,-8.477924,4,0,2,4,636,114,760,0,Town (Small)
Carrigtwohill,Cork,51.9094919,-8.2589402,396,32,12,186,5990,1530,8146,0,Town (Small)
Carrowkeel,Donegal,55.137713,-7.663875699999999,62,0,0,0,274,68,404,0,Town (Small)
Cashel,Tipperary,52.51590969999999,-7.8915829,166,4,20,22,3842,1466,5520,0,Town (Small)
Castlebar,Mayo,53.8550014,-9.287925699999999,460,12,46,52,11318,3494,15382,3,Town (Medium)
Castlebellingham-Kilsaran,Louth,53.89811,-6.3895,150,6,4,8,962,134,1264,0,Town (Small)
Castleblayney,Monaghan,54.120659,-6.7397374,178,6,24,10,3394,1050,4662,0,Town (Small)
Castlebridge,Wexford,52.3824281,-6.4502872,176,6,4,6,1956,250,2398,0,Town (Small)
Castlecomer,Kilkenny,52.8052843,-7.210312699999998,66,2,0,6,1230,328,1632,0,Town (Small)
Castleconnell,Limerick,52.7129297,-8.500052499999999,350,8,18,16,2466,320,3178,0,Town (Small)
Castledermot,Kildare,52.9118755,-6.837567,62,0,16,18,1506,450,2052,0,Town (Small)
Castlefinn,Donegal,54.802999,-7.5895814,152,0,8,2,514,104,780,0,Town (Small)
Castlegregory,Kerry,52.25346510000001,-10.0207218,12,2,4,2,352,62,434,0,Town (Small)
Castleisland,Kerry,52.2328974,-9.4601492,84,0,16,4,2208,476,2788,0,Town (Small)
Castlelyons,Cork,52.0885669,-8.233699,70,0,0,0,484,14,568,0,Town (Small)
Castlemagner,Cork,51.8985143,-8.4756035,42,0,8,6,452,2,510,0,Town (Small)
Castlemaine,Kerry,52.1684322,-9.7014756,6,0,2,0,184,12,204,0,Town (Small)
Castlemartyr,Cork,51.9119477,-8.0535486,286,4,10,6,1402,390,2098,0,Town (Small)
Castlepollard,Westmeath,53.6800722,-7.2964508,56,0,6,4,1052,310,1428,0,Town (Small)
Castlerea,Roscommon,53.7686571,-8.4924537,104,6,22,38,1510,336,2016,0,Town (Small)
Castletown,Laois,52.9774693,-7.4995604,46,0,2,4,422,70,544,0,Town (Small)
Castletown Geoghegan,Westmeath,53.4462801,-7.487606899999999,38,0,2,4,274,30,348,0,Town (Small)
Castletownbere,Cork,51.65149539999999,-9.910330199999999,12,0,4,0,756,384,1156,0,Town (Small)
Castletownroche,Cork,52.1731113,-8.4634479,40,0,6,4,384,114,548,0,Town (Small)
Castletownshend,Cork,51.5265757,-9.179386899999999,6,0,2,2,126,14,150,0,Town (Small)
Causeway,Kerry,52.41442199999999,-9.7330771,2,0,2,0,184,30,218,0,Town (Small)
Cavan,Cavan,53.9897186,-7.3633319,846,20,48,26,10680,2234,13854,3,Town (Medium)
Celbridge,Kildare,53.3383911,-6.5397633,3912,124,34,892,16910,5594,27466,3,Town (Medium)
Charlestown-Bellahy,Mayo,53.964167,-8.795278,54,0,12,2,1072,322,1462,0,Town (Small)
Charleville,Cork,52.3556889,-8.6840314,182,10,16,12,3144,968,4332,0,Town (Small)
Cheekpoint,Waterford,52.2698641,-7.0009247,20,0,6,4,242,10,282,0,Town (Small)
Churchtown,Cork,52.2713057,-8.730869199999999,60,0,0,16,570,162,808,0,Town (Small)
Cill Charthaigh,Donegal,54.6323944,-8.5894621,54,0,2,0,344,50,450,0,Town (Small)
Cill Rónáin,Galway,53.1232125,-9.670372799999999,16,0,4,2,114,96,232,0,Town (Small)
Clane,Kildare,53.293785,-6.6870404,946,24,18,178,7760,2064,10990,0,Town (Small)
Clara,Offaly,53.3425103,-7.613480099999999,184,4,14,80,3092,654,4028,0,Town (Small)
Claremorris,Mayo,53.72387639999999,-9.0017356,474,16,6,26,3320,736,4578,0,Town (Small)
Clarina,Limerick,52.63209,-8.73269,42,0,2,0,682,36,762,0,Town (Small)
Clarinbridge,Galway,53.2293077,-8.8773824,112,0,4,8,994,88,1206,0,Town (Small)
Clashmore,Waterford,52.0093569,-7.8188756,54,2,0,0,256,46,358,0,Town (Small)
Clifden,Galway,53.4891345,-10.0202388,64,0,6,6,712,504,1292,0,Town (Small)
Cliffony,Sligo,54.430559,-8.453432399999999,52,2,6,0,454,58,572,0,Town (Small)
Clogh,Kilkenny,52.8710161,-7.1642467,42,0,4,2,274,14,336,0,Town (Small)
Cloghan,Offaly,53.2252399,-7.8825143,76,0,8,2,590,74,750,0,Town (Small)
Clogheen,Tipperary,52.2770794,-7.9951028,60,4,0,0,418,62,544,0,Town (Small)
Clogherhead,Louth,53.7916777,-6.2388506,482,2,22,36,2056,518,3116,0,Town (Small)
Cloghfin,Donegal,54.653827,-8.1096142,20,0,0,0,120,4,144,0,Town (Small)
Clonakilty,Cork,51.6203379,-8.905510399999999,204,10,12,8,4000,1796,6030,0,Town (Small)
Clonard,Meath,53.4515329,-7.0231073,78,2,2,6,326,24,438,0,Town (Small)
Clonaslee,Laois,53.1486014,-7.524369599999999,20,2,4,4,632,84,746,0,Town (Small)
Clonbullogue,Offaly,53.26068309999999,-7.086431,46,2,2,6,314,58,428,0,Town (Small)
Clondrohid,Cork,51.9292332,-9.022767499999999,22,0,2,0,212,18,254,0,Town (Small)
Clondulane,Cork,52.1421634,-8.2203365,4,2,2,0,554,96,658,0,Town (Small)
Clonee,Meath,53.4105621,-6.4426,200,16,2,48,1060,200,1526,0,Town (Small)
Clonegall,Carlow,52.6948009,-6.6477303,10,0,6,0,202,60,278,0,Town (Small)
Clones,Monaghan,54.1796829,-7.230667100000001,72,2,10,4,1258,818,2164,0,Town (Small)
Clongeen,Wexford,52.2978897,-6.7727531,46,0,0,2,212,22,282,0,Town (Small)
Clonlara,Clare,52.7238329,-8.5528365,52,0,4,2,840,118,1016,0,Town (Small)
Clonmany,Donegal,55.2628052,-7.411610800000001,104,0,6,2,438,58,608,0,Town (Small)
Clonmel,Tipperary,52.3623523,-7.7007084,756,50,46,32,16448,3590,20922,3,Town (Medium)
Clonmellon,Westmeath,53.6640717,-7.0183933,102,0,8,4,670,136,920,0,Town (Small)
Clonroche,Wexford,52.4496872,-6.7174157,30,0,0,0,212,62,304,0,Town (Small)
Clontibret,Monaghan,54.2054431,-6.8415402,40,0,0,2,216,32,290,0,Town (Small)
Clonygowan,Offaly,53.1874518,-7.2804446,32,0,4,20,306,74,436,0,Town (Small)
Cloonfad,Roscommon,53.6867556,-8.75182,26,0,6,0,378,70,480,0,Town (Small)
Cloontuskert,Roscommon,53.70606859999999,-8.0028889,10,2,0,2,180,16,210,0,Town (Small)
Cloughduv,Cork,51.8473203,-8.7880041,68,0,2,0,450,88,608,0,Town (Small)
Cloughjordan,Tipperary,52.9429442,-8.0383372,128,2,8,14,392,228,772,0,Town (Small)
Cloyne,Cork,51.8630971,-8.121236999999999,306,12,12,30,1926,388,2674,0,Town (Small)
Cluain Bú,Galway,53.5137007,-8.6601381,88,0,4,0,498,8,598,0,Town (Small)
Coachford,Cork,51.909471,-8.788960099999999,12,0,2,0,416,140,570,0,Town (Small)
Cobh,Cork,51.8530415,-8.295090499999999,1398,30,116,606,12322,3338,17810,3,Town (Medium)
Coill Dubh (Blackwood),Kildare,53.2931573,-6.818584400000001,234,6,4,10,1402,198,1854,0,Town (Small)
Collinstown,Westmeath,53.64747149999999,-7.212159999999999,36,2,0,0,304,66,408,0,Town (Small)
Collon,Louth,53.7777425,-6.4840991,242,0,2,4,732,188,1168,0,Town (Small)
Collooney,Sligo,54.1849522,-8.4865545,146,0,2,12,1894,346,2400,0,Town (Small)
Conna,Cork,52.0931079,-8.1073545,118,0,4,0,542,96,760,0,Town (Small)
Convoy,Donegal,54.859725,-7.6654466,196,0,6,0,1484,182,1868,0,Town (Small)
Coolaney,Sligo,54.17380929999999,-8.6008023,164,4,6,6,1478,42,1700,0,Town (Small)
Coolboy,Wicklow,52.7620319,-6.462780299999999,54,0,2,0,314,6,376,0,Town (Small)
Coolgreany,Wexford,52.7647077,-6.2360077,30,4,6,4,356,40,440,0,Town (Small)
Cootehall,Roscommon,53.9841688,-8.1580069,52,2,4,2,300,2,362,0,Town (Small)
Cootehill,Cavan,54.0725034,-7.0823541,234,0,6,2,1564,416,2222,0,Town (Small)
Cork city and suburbs,Cork,51.8985143,-8.4756035,25718,868,648,1218,170530,59804,258786,4,City (Large)
Corofin,Clare,52.9448216,-9.0640874,158,0,0,2,676,76,912,0,Town (Small)
Corrandulla,Galway,53.3991608,-8.995794499999999,70,2,0,0,400,74,546,0,Town (Small)
Corrofin,Galway,53.437565,-8.8602715,158,0,4,2,906,14,1084,0,Town (Small)
Courtbrack,Cork,51.8808748,-8.4785161,26,0,4,0,676,0,706,0,Town (Small)
Courtmacsherry,Cork,51.63385539999999,-8.7059339,118,0,2,2,508,38,668,0,Town (Small)
Courtown,Wexford,52.6448624,-6.2286169,676,4,22,28,3416,548,4694,0,Town (Small)
Cratloe,Clare,52.6985433,-8.762853699999999,52,4,4,2,910,44,1016,0,Town (Small)
Craughwell,Galway,53.2302689,-8.7347736,162,0,6,10,1250,38,1466,0,Town (Small)
Creeslough,Donegal,55.12334970000001,-7.909467599999999,64,0,0,0,266,68,398,0,Town (Small)
Crinkill,Offaly,53.07837860000001,-7.8970751,28,0,0,6,728,158,920,0,Town (Small)
Cromane,Kerry,52.1061221,-9.898534699999999,4,0,0,0,222,16,242,0,Town (Small)
Crookstown,Cork,51.84242700000001,-8.830431899999999,32,0,0,0,194,8,234,0,Town (Small)
Croom,Limerick,52.519036,-8.7174345,26,2,0,0,658,266,952,0,Town (Small)
Crossakeel,Meath,53.71411920000001,-7.020536799999999,30,0,0,2,230,8,270,0,Town (Small)
Crossbarry,Cork,51.8020473,-8.6453657,156,0,4,0,434,4,598,0,Town (Small)
Crosshaven,Cork,51.8022632,-8.2904494,222,10,12,6,3290,610,4150,0,Town (Small)
Crossmolina,Mayo,54.100342,-9.3158456,24,2,4,0,1126,166,1322,0,Town (Small)
Crusheen,Clare,52.9386532,-8.8967688,60,2,2,4,786,88,942,0,Town (Small)
Culdaff,Donegal,55.2859437,-7.165135100000001,54,2,2,2,352,24,436,0,Town (Small)
Curragh Camp,Kildare,53.1474495,-6.8299723,126,6,4,18,974,102,1230,0,Town (Small)
Cut Bush,Kildare,53.1237168,-6.8326039,48,0,2,12,306,58,426,0,Town (Small)
Daingean,Offaly,53.2960818,-7.291967,182,4,10,22,1048,198,1464,0,Town (Small)
Delvin,Westmeath,53.6125653,-7.0917224,134,2,4,6,608,62,816,0,Town (Small)
Derrinturn,Kildare,53.3395275,-6.9399818,402,0,10,18,1638,346,2414,0,Town (Small)
Dingle-Daingean Uí Chuis,Kerry,52.1408534,-10.2671142,42,8,8,12,804,718,1592,0,Town (Small)
Doirí Beaga,Donegal,55.0743448,-8.294187299999999,52,0,6,0,622,72,752,0,Town (Small)
Donabate,Dublin,53.4853365,-6.1504482,812,40,18,2780,6622,3226,13498,0,Town (Small)
Donard,Wicklow,53.0222351,-6.6130978,24,0,2,0,204,48,278,0,Town (Small)
Donaskeigh,Tipperary,52.5218302,-8.0647868,18,0,4,0,188,10,220,0,Town (Small)
Donegal,Donegal,54.653827,-8.1096142,84,6,14,2,2324,524,2954,0,Town (Small)
Doneraile,Cork,52.2151735,-8.585977399999999,14,2,2,8,742,178,946,0,Town (Small)
Donore,Meath,53.6921097,-6.4172506,140,2,0,10,698,178,1028,0,Town (Small)
Doohamlat,Monaghan,54.1287354,-6.823994600000001,32,0,0,0,292,64,388,0,Town (Small)
Doon,Limerick,52.6043221,-8.248491699999999,16,2,8,2,600,164,792,0,Town (Small)
Doonbeg,Clare,52.7308501,-9.5259951,22,0,2,0,182,60,266,0,Town (Small)
Drangan,Tipperary,52.5170482,-7.583662700000001,8,0,4,0,132,10,154,0,Town (Small)
Drimoleague,Cork,51.6599357,-9.261245299999999,48,0,2,0,438,68,556,0,Town (Small)
Drogheda,Louth,53.717856,-6.3560985,6686,136,126,1208,31176,13690,53022,3,Town (Medium)
Dromahair,Leitrim,54.2306704,-8.3026235,90,2,0,0,964,178,1234,0,Town (Small)
Dromina,Cork,52.3117507,-8.8012075,14,0,2,0,298,44,358,0,Town (Small)
Dromineer,Tipperary,52.9248849,-8.2756534,0,0,0,0,80,6,86,0,Town (Small)
Dromiskin,Louth,53.9217123,-6.401009200000001,188,4,2,8,1318,150,1670,0,Town (Small)
Drommahane,Cork,52.1056038,-8.6908349,78,2,10,18,960,196,1264,0,Town (Small)
Dromore West,Sligo,54.2495094,-8.8799262,70,0,4,0,270,20,364,0,Town (Small)
Drumcollogher,Limerick,52.3396079,-8.9076419,4,0,8,2,436,100,550,0,Town (Small)
Drumconrath,Meath,53.8515966,-6.6563415,76,0,6,2,326,60,470,0,Town (Small)
Drumkeen,Donegal,54.8660308,-7.7513945,38,2,4,0,366,22,432,0,Town (Small)
Drumkeeran,Leitrim,54.16940899999999,-8.142664,6,0,0,2,184,70,262,0,Town (Small)
Drumlish,Longford,53.82059030000001,-7.768414,230,0,18,18,976,172,1414,0,Town (Small)
Drumod,Leitrim,53.8575697,-7.9208348,156,4,2,26,668,30,886,0,Town (Small)
Drumshanbo,Leitrim,54.04780040000001,-8.0400238,40,0,6,12,1028,238,1324,0,Town (Small)
Drumsna,Leitrim,53.9269176,-8.0079271,44,2,0,2,272,2,322,0,Town (Small)
Duagh,Kerry,52.4147893,-9.3901918,22,0,4,0,292,44,362,0,Town (Small)
Dublin city and suburbs,Dublin,53.3498053,-6.2603097,225800,9312,2960,104860,689012,440362,1472306,1,City (Large)
Duleek,Meath,53.6547501,-6.4221752,1450,8,14,46,4580,358,6456,0,Town (Small)
Dumha Thuama,Mayo,54.0645,-9.5357,34,0,0,2,60,4,100,0,Town (Small)
Dunboyne,Meath,53.4192677,-6.4758857,742,32,32,528,5740,2594,9668,0,Town (Small)
Duncannon,Wexford,52.2206117,-6.9325606,12,0,0,2,192,34,240,0,Town (Small)
Duncormick,Wexford,52.2285412,-6.655054199999999,26,0,0,0,178,12,216,0,Town (Small)
Dundalk,Louth,53.9979451,-6.405957,4392,110,84,440,31450,11704,48180,3,Town (Medium)
Dunderrow,Cork,51.726487,-8.5874569,30,0,0,0,216,70,316,0,Town (Small)
Dundrum,Tipperary,52.5595234,-8.043225099999999,56,0,0,0,188,28,272,0,Town (Small)
Dunfanaghy,Donegal,55.1834711,-7.9694369,52,0,2,0,318,68,440,0,Town (Small)
Dungarvan,Waterford,52.0936763,-7.620362699999999,326,12,30,14,7846,3138,11366,0,Town (Small)
Dunhill,Waterford,52.1737783,-7.263755799999999,28,2,2,0,244,34,310,0,Town (Small)
Dunkineely,Donegal,54.6320711,-8.357078699999999,58,0,2,0,288,36,384,0,Town (Small)
Dunlavin,Wicklow,53.0578764,-6.7016395,14,4,4,0,828,340,1190,0,Town (Small)
Dunleer,Louth,53.8310533,-6.3944559,202,4,14,10,1772,682,2684,0,Town (Small)
Dunmanway,Cork,51.7222571,-9.1118088,62,2,10,6,1636,446,2162,0,Town (Small)
Dunmore,Galway,53.6180163,-8.7441461,26,0,2,0,556,208,792,0,Town (Small)
Dunmore East,Waterford,52.1527666,-6.994803999999999,228,0,6,10,1632,232,2108,0,Town (Small)
Dunshaughlin,Meath,53.5135229,-6.540252499999999,820,14,18,116,5936,2000,8904,0,Town (Small)
Durrow,Laois,52.84622479999999,-7.394980200000001,144,0,10,12,784,156,1106,0,Town (Small)
Durrus,Cork,51.6217112,-9.521993,54,0,2,0,312,54,422,0,Town (Small)
Easky,Sligo,54.286325,-8.9623692,16,0,2,0,182,40,240,0,Town (Small)
Edenderry,Offaly,53.3432235,-7.0517202,672,22,24,34,6330,2434,9516,0,Town (Small)
Edgeworthstown,Longford,53.6956862,-7.608492999999999,406,2,2,72,1280,458,2220,0,Town (Small)
Elphin,Roscommon,53.8522697,-8.1978488,34,2,4,10,546,174,770,0,Town (Small)
Emly,Tipperary,52.4633291,-8.3498992,34,0,0,2,298,52,386,0,Town (Small)
Emo,Laois,53.097203,-7.208534999999999,40,2,2,6,242,32,324,0,Town (Small)
Emyvale,Monaghan,54.3409914,-6.959261199999999,108,0,6,0,580,86,780,0,Town (Small)
Enfield,Meath,53.4142026,-6.8296541,776,12,8,146,2992,1242,5176,0,Town (Small)
Ennis,Clare,52.8474255,-8.988738399999999,1002,58,70,246,26250,5554,33180,3,Town (Medium)
Enniscorthy,Wexford,52.5031135,-6.5727721,732,18,38,30,9258,2958,13034,0,Town (Small)
Enniscrone,Sligo,54.2136818,-9.090835199999999,36,0,2,12,1022,264,1336,0,Town (Small)
Enniskerry,Wicklow,53.1935037,-6.1707299,216,14,14,106,1788,166,2304,0,Town (Small)
Ennistimon,Clare,52.940372,-9.2934951,22,6,4,4,780,400,1216,0,Town (Small)
Errill,Laois,52.8599496,-7.6769934,34,0,4,0,196,14,248,0,Town (Small)
Eyrecourt,Galway,53.1997171,-8.131427,36,0,2,4,172,36,250,0,Town (Small)
Fahan,Donegal,55.0876125,-7.4724123,66,0,2,0,504,14,586,0,Town (Small)
Farran,Cork,51.8733225,-8.720434299999999,28,0,4,0,356,24,412,0,Town (Small)
Feakle,Clare,52.9260682,-8.6486521,10,0,0,0,72,20,102,0,Town (Small)
Fedamore,Limerick,52.54550709999999,-8.6016177,46,0,0,0,414,14,474,0,Town (Small)
Fenit,Kerry,52.2784045,-9.8612114,28,0,4,4,630,68,734,0,Town (Small)
Fennagh,Carlow,52.71467,-6.84615,130,0,4,4,474,20,632,0,Town (Small)
Ferbane,Offaly,53.27195,-7.8278719,28,2,4,12,1148,214,1408,0,Town (Small)
Fermoy,Cork,52.1378017,-8.2752606,286,22,20,10,5744,1994,8076,0,Town (Small)
Ferns,Wexford,52.5909249,-6.498010499999999,196,2,6,0,932,300,1436,0,Town (Small)
Fethard,Tipperary,52.4659436,-7.6927334,94,0,10,8,1496,356,1964,0,Town (Small)
Fethard,Wexford,52.1923021,-6.8402183,64,0,0,0,286,28,378,0,Town (Small)
Fiddown,Kilkenny,52.331516,-7.313796000000001,42,0,2,0,514,20,578,0,Town (Small)
Fieries,Kerry,52.17019,-9.59718,124,2,6,0,630,154,916,0,Town (Small)
Foxford,Mayo,53.98077259999999,-9.113245,62,0,4,6,1256,200,1528,0,Town (Small)
Foynes,Limerick,52.6102719,-9.104861699999999,46,0,0,0,446,78,570,0,Town (Small)
Freemount,Cork,52.2768369,-8.8847534,28,0,0,0,274,44,346,0,Town (Small)
Frenchpark,Roscommon,53.8695107,-8.4074282,60,0,6,4,392,76,538,0,Town (Small)
Freshford,Kilkenny,52.73250669999999,-7.3981631,84,2,8,0,406,84,584,0,Town (Small)
Galbally,Limerick,52.4000202,-8.2936733,32,0,2,4,194,36,268,0,Town (Small)
Galway city and suburbs,Galway,53.274001,-9.051266199999999,11670,316,208,380,57788,29600,99962,2,Town (Large)
Garristown,Dublin,53.5668673,-6.3835624,244,2,0,6,522,88,862,0,Town (Small)
Geashill,Offaly,53.2352224,-7.3209776,64,2,2,8,310,94,480,0,Town (Small)
Glanworth,Cork,52.1866296,-8.3567369,84,2,0,6,576,122,790,0,Town (Small)
Glaslough,Monaghan,54.31727840000001,-6.8971168,46,0,4,2,430,38,520,0,Town (Small)
Glassan,Westmeath,53.4699107,-7.863907299999999,16,0,0,8,214,18,256,0,Town (Small)
Gleann Cholm Cille,Donegal,54.7080885,-8.7295157,14,0,0,0,110,38,162,0,Town (Small)
Glenamaddy,Galway,53.6055461,-8.5604032,32,0,8,0,414,214,668,0,Town (Small)
Glenbeigh,Kerry,52.0561861,-9.9403477,32,2,0,2,354,36,426,0,Town (Small)
Glencullen,Dublin,53.2224638,-6.216138,18,2,2,34,408,38,502,0,Town (Small)
Glenealy,Wicklow,52.9666341,-6.144572900000001,102,4,10,10,612,72,810,0,Town (Small)
Gleneely,Donegal,55.2387477,-7.1466476,36,0,4,0,216,38,294,0,Town (Small)
Glengarriff,Cork,51.7500277,-9.5522224,34,0,0,2,142,42,220,0,Town (Small)
Glenties,Donegal,54.7971669,-8.2830316,30,0,6,0,802,196,1034,0,Town (Small)
Glenville,Cork,52.04565789999999,-8.4254293,130,2,4,0,568,102,806,0,Town (Small)
Glin,Limerick,52.5688921,-9.2819067,56,0,0,0,508,122,686,0,Town (Small)
Gneevgullia,Kerry,52.1166851,-9.2719471,50,0,6,2,320,32,410,0,Town (Small)
Gob an Choire,Mayo,53.9302564,-9.9266332,8,0,0,0,168,52,228,0,Town (Small)
Golden,Tipperary,52.4984411,-7.980749500000001,36,0,6,8,334,42,426,0,Town (Small)
Goresbridge,Kilkenny,52.6297084,-6.9940878,22,0,0,6,248,44,320,0,Town (Small)
Gorey,Wexford,52.67573549999999,-6.2943022,796,26,28,104,9662,3736,14352,0,Town (Small)
Gormanston,Meath,53.6419159,-6.2480288,28,0,0,20,284,24,356,0,Town (Small)
Gort,Galway,53.0666432,-8.8187486,174,2,4,30,2222,678,3110,0,Town (Small)
Gort An Choirce,Donegal,55.116926,-8.140072500000002,28,0,4,0,280,46,358,0,Town (Small)
Gortnahoo,Tipperary,52.6759449,-7.602561799999999,46,0,6,0,242,64,358,0,Town (Small)
Gowran,Kilkenny,52.6290523,-7.0665112,116,0,6,4,784,130,1040,0,Town (Small)
Graiguenamanagh-Tinnahinch,Kilkenny,52.54413479999999,-6.9594397,82,6,2,14,976,282,1362,0,Town (Small)
Granard,Longford,53.7791755,-7.4923774,28,0,4,2,614,388,1036,0,Town (Small)
Grange,Sligo,54.3932789,-8.5220973,40,0,0,2,532,198,772,0,Town (Small)
Greencastle,Donegal,55.203361,-6.9875478,158,4,10,4,1194,84,1454,0,Town (Small)
Grenagh,Cork,52.0104774,-8.610667,106,0,2,0,934,28,1070,0,Town (Small)
Greystones-Delgany,Wicklow,53.1491175,-6.0793414,1972,104,78,2674,17024,4688,26540,3,Town (Medium)
Gurteen,Sligo,53.99590019999999,-8.5226889,50,0,2,2,412,78,544,0,Town (Small)
Hacketstown,Carlow,52.8653857,-6.5586053,12,0,6,0,486,224,728,0,Town (Small)
Halfway,Cork,51.80401999999999,-8.57161,32,0,6,0,328,0,366,0,Town (Small)
Headford,Galway,53.4694617,-9.106133999999999,58,0,12,0,1222,220,1512,0,Town (Small)
Holycross,Tipperary,52.6397686,-7.870179299999998,54,0,0,26,716,48,844,0,Town (Small)
Hospital,Limerick,52.4743003,-8.4324543,36,0,2,2,550,182,772,0,Town (Small)
Inagh,Clare,52.8769834,-9.176764499999999,18,0,2,0,214,18,252,0,Town (Small)
Inchigeelagh,Cork,51.8424464,-9.1264323,6,0,0,0,128,20,154,0,Town (Small)
Inishannon,Cork,51.7649008,-8.6574773,144,4,2,0,1066,248,1464,0,Town (Small)
Inistioge,Kilkenny,52.4884908,-7.065458899999999,44,0,0,0,236,40,320,0,Town (Small)
Inniskeen,Monaghan,54.00315999999999,-6.58406,50,2,8,0,316,72,448,0,Town (Small)
Irishtown,Mayo,53.6627806,-8.8900518,22,0,6,0,168,32,228,0,Town (Small)
Jenkinstown,Louth,54.01605559999999,-6.3103519,86,0,6,8,416,2,518,0,Town (Small)
Johnstown,Kildare,53.2370579,-6.6217975,458,0,4,24,1412,88,1986,0,Town (Small)
Johnstown,Kilkenny,52.74851779999999,-7.556992999999999,20,2,0,0,358,88,468,0,Town (Small)
Johnstownbridge,Kildare,53.4019965,-6.855203299999999,160,0,4,20,610,108,902,0,Town (Small)
Julianstown,Meath,53.6729374,-6.285651,146,2,0,26,650,114,938,0,Town (Small)
Kanturk,Cork,52.17725489999999,-8.9051669,152,2,18,28,2498,668,3366,0,Town (Small)
Keadew,Roscommon,54.0511423,-8.1377557,22,0,2,4,168,14,210,0,Town (Small)
Keel-Dooagh,Mayo,53.9749643,-10.1266688,52,0,2,2,356,56,468,0,Town (Small)
Keenagh,Longford,53.622007,-7.8147206,162,0,2,8,640,136,948,0,Town (Small)
Kells,Kilkenny,52.5396697,-7.273187099999999,32,0,2,2,346,26,408,0,Town (Small)
Kells,Meath,53.72718030000001,-6.876972299999999,884,16,20,8,5138,1700,7766,0,Town (Small)
Kenmare,Kerry,51.8801017,-9.583520199999999,74,4,8,8,1982,732,2808,0,Town (Small)
Kentstown,Meath,53.6275364,-6.533341099999999,312,2,4,0,1126,204,1648,0,Town (Small)
Kernanstown,Carlow,52.835854,-6.932474399999999,6,0,0,2,218,28,254,0,Town (Small)
Keshcarrigan,Leitrim,54.0188646,-7.942526399999999,42,0,0,4,188,12,246,0,Town (Small)
Kilbeggan,Westmeath,53.3684574,-7.4994634,60,2,12,8,1288,434,1804,0,Town (Small)
Kilberry,Kildare,53.0311398,-7.016986999999999,36,0,4,4,290,22,356,0,Town (Small)
Kilbrin,Cork,51.8812776,-8.4408691,18,0,2,0,186,26,232,0,Town (Small)
Kilbrittain,Cork,51.6735577,-8.6917337,34,0,2,0,216,46,298,0,Town (Small)
Kilcloon,Meath,53.42723,-6.58392,42,2,2,30,456,62,594,0,Town (Small)
Kilcock,Kildare,53.3994266,-6.6681233,976,38,20,696,7518,2534,11782,0,Town (Small)
Kilcolgan,Galway,53.210233,-8.869438299999999,26,0,2,2,226,26,282,0,Town (Small)
Kilcoole,Wicklow,53.1062723,-6.064586100000001,536,20,14,300,3924,1146,5940,0,Town (Small)
Kilcormac,Offaly,53.1764113,-7.7274112,44,2,14,4,760,270,1094,0,Town (Small)
Kilcullen,Kildare,53.1302865,-6.745279099999999,228,10,12,76,3584,1384,5294,0,Town (Small)
Kilcummin,Kerry,52.0984108,-9.470070399999999,34,0,0,4,740,36,814,0,Town (Small)
Kildalkey,Meath,53.5714499,-6.9060291,166,6,4,4,690,172,1042,0,Town (Small)
Kildangan,Kildare,53.1052189,-7.013760100000001,118,0,2,26,500,88,734,0,Town (Small)
Kildare,Kildare,53.15980589999999,-6.9089763,1012,30,22,724,9220,2192,13200,0,Town (Small)
Kildavin,Carlow,52.683205,-6.6849832,6,0,4,0,172,22,204,0,Town (Small)
Kildimo,Limerick,52.6237328,-8.8120969,44,0,0,0,604,44,692,0,Town (Small)
Kildorrery,Cork,52.2464986,-8.4273898,46,0,2,2,352,72,474,0,Town (Small)
Kildrum,Donegal,54.9791343,-7.419445400000001,66,0,2,2,610,6,686,0,Town (Small)
Kildysart,Clare,52.6739738,-9.1075349,14,0,4,0,438,96,552,0,Town (Small)
Kilfenora,Clare,52.9899429,-9.218327,16,2,0,0,118,30,166,0,Town (Small)
Kilfinnane,Limerick,52.3591426,-8.4682225,30,2,6,2,560,216,816,0,Town (Small)
Kilflynn,Kerry,52.3505422,-9.625316399999999,2,0,0,2,178,14,196,0,Town (Small)
Kilgarvan,Kerry,51.9031476,-9.4384061,18,2,0,0,268,30,318,0,Town (Small)
Kilkee,Clare,52.6828228,-9.6444116,40,0,4,0,552,196,792,0,Town (Small)
Kilkelly,Mayo,53.87179219999999,-8.8502415,26,0,2,0,440,42,510,0,Town (Small)
Kilkenny,Kilkenny,52.6549027,-7.246402900000001,1564,82,66,252,21044,8804,31812,3,Town (Medium)
Kilkishen,Clare,52.8071551,-8.747034600000001,94,2,10,2,652,110,870,0,Town (Small)
Kill,Kildare,53.24870629999999,-6.590530600000001,808,14,8,24,3654,604,5112,0,Town (Small)
Kill,Waterford,52.1758844,-7.335392100000001,72,2,2,0,276,72,424,0,Town (Small)
Killala,Mayo,54.2125146,-9.220999899999999,68,0,4,2,472,74,620,0,Town (Small)
Killaloe,Clare,52.808886,-8.4475152,96,0,16,0,1234,504,1850,0,Town (Small)
Killarney,Kerry,52.0598646,-9.504362900000002,750,42,56,96,10416,4364,15724,3,Town (Medium)
Killashee,Longford,53.6812889,-7.879322800000001,16,0,0,2,202,22,242,0,Town (Small)
Killavullen,Cork,52.1465049,-8.5166811,34,0,4,0,278,52,368,0,Town (Small)
Killeagh,Cork,51.9424888,-7.9920158,156,0,0,16,846,166,1184,0,Town (Small)
Killeigh,Offaly,53.2140733,-7.450342699999999,44,0,0,6,166,26,242,0,Town (Small)
Killenard,Laois,53.1349458,-7.1478515,92,0,4,40,606,166,908,0,Town (Small)
Killenaule,Tipperary,52.5684251,-7.6734719,38,2,6,2,612,106,766,0,Town (Small)
Killeshandra,Cavan,54.0138727,-7.5282313,36,0,0,0,152,56,244,0,Town (Small)
Killimor,Galway,53.1656231,-8.2910516,30,0,6,2,238,54,330,0,Town (Small)
Killinierin,Wexford,52.7300058,-6.2850306,26,0,2,6,288,46,368,0,Town (Small)
Killorglin,Kerry,52.10635079999999,-9.7843403,84,8,6,10,1798,582,2488,0,Town (Small)
Killucan-Rathwire,Westmeath,53.5138676,-7.1428989,204,2,12,8,1398,374,1998,0,Town (Small)
Killumney,Cork,51.8637285,-8.6539137,156,0,6,0,1816,90,2068,0,Town (Small)
Killurin,Offaly,53.2173433,-7.5509127,30,0,2,4,166,6,208,0,Town (Small)
Killurin,Wexford,53.2173433,-7.5509127,10,0,4,0,276,6,296,0,Town (Small)
Killybegs,Donegal,54.6347625,-8.4547084,34,2,8,2,1030,238,1314,0,Town (Small)
Killygordon,Donegal,54.7968309,-7.683535399999999,110,0,0,0,652,116,878,0,Town (Small)
Kilmacanogue,Wicklow,53.16901,-6.13946,142,4,18,52,1032,142,1390,0,Town (Small)
Kilmacow,Kilkenny,52.31208050000001,-7.1765298,68,2,4,0,666,42,782,0,Town (Small)
Kilmacrennan,Donegal,55.030269,-7.7793541,176,2,4,0,744,100,1026,0,Town (Small)
Kilmacthomas,Waterford,52.2054897,-7.426765199999999,38,2,10,0,810,192,1052,0,Town (Small)
Kilmaine,Mayo,53.5811547,-9.1227567,30,0,2,2,150,34,218,0,Town (Small)
Kilmainhamwood,Meath,53.852351,-6.8048926,56,2,4,2,192,68,324,0,Town (Small)
Kilmaley,Clare,52.8188446,-9.1088116,38,2,0,2,354,12,408,0,Town (Small)
Kilmallock,Limerick,52.3986185,-8.5715956,36,2,10,2,1210,458,1718,0,Town (Small)
Kilmead,Kildare,53.0347993,-6.9022241,78,0,6,8,308,68,468,0,Town (Small)
Kilmeaden,Waterford,52.23333,-7.24281,22,0,0,0,476,6,504,0,Town (Small)
Kilmeage,Kildare,53.2510535,-6.8399263,168,2,4,14,1102,46,1336,0,Town (Small)
Kilmessan,Meath,53.55888849999999,-6.6589527,156,2,0,8,836,222,1224,0,Town (Small)
Kilmihil,Clare,52.7208888,-9.3198723,6,0,6,4,394,92,502,0,Town (Small)
Kilmoganny,Kilkenny,52.46147269999999,-7.3282056,22,0,0,0,226,24,272,0,Town (Small)
Kilmore,Wexford,52.2056319,-6.5473792,12,4,0,0,204,24,244,0,Town (Small)
Kilmore Quay,Wexford,52.17571940000001,-6.5863919,80,0,8,0,328,44,460,0,Town (Small)
Kilmuckridge,Wexford,52.51308849999999,-6.283934599999999,48,6,4,0,604,206,868,0,Town (Small)
Kilmurry,Clare,52.7781704,-8.7826372,56,0,2,0,248,30,336,0,Town (Small)
Kilnaleck,Cavan,53.8622249,-7.3213784,60,2,4,0,392,140,598,0,Town (Small)
Kilpedder,Wicklow,53.11037349999999,-6.1055471,178,6,12,54,1236,56,1542,0,Town (Small)
Kilrush,Clare,52.6406999,-9.4859374,36,2,10,6,1502,696,2252,0,Town (Small)
Kilsheelan,Tipperary,52.3611942,-7.580387699999999,124,0,2,0,876,102,1104,0,Town (Small)
Kilteel,Kildare,53.2359545,-6.521514199999999,42,4,0,8,270,4,328,0,Town (Small)
Kilteely,Limerick,52.55401999999999,-8.391494999999999,18,0,0,0,186,10,214,0,Town (Small)
Kiltimagh,Mayo,53.8494839,-8.9994739,30,2,10,12,1062,280,1396,0,Town (Small)
Kilworth,Cork,52.1760533,-8.247312299999999,142,4,10,0,1070,308,1534,0,Town (Small)
Kingscourt,Cavan,53.9068739,-6.8052229,140,0,20,6,2924,636,3726,0,Town (Small)
Kinlough,Leitrim,54.4487146,-8.2858213,138,0,18,2,1198,172,1528,0,Town (Small)
Kinnegad,Westmeath,53.4568103,-7.1049959,884,10,8,18,2380,656,3956,0,Town (Small)
Kinnitty,Offaly,53.097806,-7.7189969,38,0,0,0,238,58,334,0,Town (Small)
Kinsale,Cork,51.7058853,-8.5222327,306,16,20,20,4692,1788,6842,0,Town (Small)
Kinsaley,Dublin,53.4245123,-6.1763644,112,0,2,92,742,86,1034,0,Town (Small)
Kinsealy-Drinan,Dublin,53.4245123,-6.1763644,1758,44,34,142,6546,2020,10544,0,Town (Small)
Kinvarra,Galway,53.1389085,-8.9362964,56,0,6,4,600,272,938,0,Town (Small)
Knightstown,Kerry,51.9253777,-10.2918805,32,6,0,0,164,28,230,0,Town (Small)
Knock,Mayo,53.7900638,-8.921465999999999,82,2,6,2,746,108,946,0,Town (Small)
Knockananna,Wicklow,52.87287190000001,-6.4970477,34,0,8,2,184,14,242,0,Town (Small)
Knockbridge,Louth,53.9718223,-6.486281099999999,118,4,2,4,728,164,1020,0,Town (Small)
Knockcroghery,Roscommon,53.5743895,-8.0922325,56,0,2,4,426,44,532,0,Town (Small)
Knocklong,Limerick,52.4373844,-8.4117892,26,0,4,0,200,14,244,0,Town (Small)
Knocknagree,Cork,51.8897908,-8.4983892,20,2,0,0,188,38,248,0,Town (Small)
Knockraha,Cork,51.9579423,-8.3400979,56,2,0,4,536,180,778,0,Town (Small)
Knocktopher,Kilkenny,52.4856956,-7.217107599999999,22,0,2,0,180,16,220,0,Town (Small)
Lackaghbeg,Galway,53.3659038,-8.8813396,116,0,8,2,584,156,866,0,Town (Small)
Ladysbridge,Cork,51.89760829999999,-8.0433337,228,2,0,8,872,40,1150,0,Town (Small)
Laghy,Donegal,54.61819999999999,-8.0876,2,0,4,0,154,24,184,0,Town (Small)
Lahardane,Mayo,54.0295472,-9.3220186,36,0,0,0,222,18,276,0,Town (Small)
Lanesborough-Ballyleague,Roscommon,53.6744226,-7.9929157,108,2,2,16,1564,304,1996,0,Town (Small)
Laragh,Wicklow,53.0089293,-6.3004389,52,2,2,2,386,92,536,0,Town (Small)
Laytown-Bettystown-Mornington-Donacarney,Meath,53.69861100000001,-6.244721999999999,3678,46,40,836,13256,2456,20312,3,Town (Medium)
Leap,Cork,51.5811998,-9.1408671,4,2,2,0,124,4,136,0,Town (Small)
Legan,Longford,53.6212481,-7.6308386,48,0,4,0,290,58,400,0,Town (Small)
Lehinch,Clare,52.9334632,-9.3440769,36,2,0,2,794,108,942,0,Town (Small)
Leighlinbridge,Carlow,52.73605190000001,-6.9759183,126,0,0,8,992,122,1248,0,Town (Small)
Leitrim,Leitrim,53.99019,-8.06501,80,0,4,6,696,126,912,0,Town (Small)
Leixlip,Kildare,53.36384280000001,-6.4900033,2236,94,32,1842,11794,4658,20656,3,Town (Medium)
Lemybrien,Waterford,52.1683402,-7.519583700000001,20,0,6,0,272,6,304,0,Town (Small)
Letterkenny,Donegal,54.9558392,-7.7342787,2608,14,68,30,19522,3916,26158,3,Town (Medium)
Lifford,Donegal,54.8328751,-7.485638899999999,192,0,8,2,1268,182,1652,0,Town (Small)
Limerick city and suburbs,Limerick,52.663839,-8.626729899999999,9668,368,194,318,69568,30006,110122,2,Town (Large)
Liscannor,Clare,52.9383667,-9.3922452,6,0,0,0,100,6,112,0,Town (Small)
Liscarroll,Cork,52.2600728,-8.8041711,14,0,0,0,190,40,244,0,Town (Small)
Lisdoonvarna,Clare,53.0301669,-9.2897106,10,2,0,0,294,154,460,0,Town (Small)
Lismore,Waterford,52.13581840000001,-7.9376803,54,4,20,0,1030,510,1618,0,Town (Small)
Lisronagh,Tipperary,52.417443,-7.7028889,26,2,2,0,230,16,276,0,Town (Small)
Lissycasey,Clare,52.7446724,-9.158153,86,0,2,0,512,4,604,0,Town (Small)
Listowel,Kerry,52.4460488,-9.4853655,224,4,18,12,3958,884,5100,0,Town (Small)
Littleton,Tipperary,52.6369829,-7.735418999999998,60,0,2,4,286,82,434,0,Town (Small)
Lixnaw,Kerry,52.4064615,-9.6181275,128,2,4,0,794,70,998,0,Town (Small)
Loch An Iúir,Donegal,54.9981527,-8.291505299999999,72,0,0,0,310,26,408,0,Town (Small)
Loch Gowna,Cavan,53.87370490000001,-7.5336731,8,0,0,0,144,36,188,0,Town (Small)
Longford,Longford,53.7276296,-7.7932573,760,12,36,212,6942,3074,11036,0,Town (Small)
Longwood,Meath,53.4550101,-6.9247866,136,2,14,20,1482,706,2360,0,Town (Small)
Loughglinn,Roscommon,53.8225476,-8.561582999999999,10,0,4,2,154,34,204,0,Town (Small)
Loughrea,Galway,53.1989136,-8.5660931,418,8,20,10,5490,1404,7350,0,Town (Small)
Loughshinny,Dublin,53.54922800000001,-6.0829049,108,6,4,62,494,122,796,0,Town (Small)
Louisburgh,Mayo,53.7631376,-9.8090849,12,0,2,0,300,64,378,0,Town (Small)
Louth,Louth,53.9507955,-6.5406821,142,2,2,2,610,102,860,0,Town (Small)
Lusk,Dublin,53.52632639999999,-6.1658841,1536,48,22,634,7048,2784,12072,0,Town (Small)
Lyre,Cork,52.0817595,-8.8580581,22,0,0,0,148,50,220,0,Town (Small)
Macroom,Cork,51.9048039,-8.9588478,160,6,24,8,3924,1064,5186,0,Town (Small)
Maigh Cuilinn,Galway,53.3387481,-9.1814776,284,6,8,10,2096,442,2846,0,Town (Small)
Malahide,Dublin,53.4509236,-6.1501378,2010,46,44,3284,12698,4340,22422,3,Town (Medium)
Malin,Donegal,55.2949279,-7.263082499999999,2,0,0,0,64,8,74,0,Town (Small)
Mallow,Cork,52.13897619999999,-8.6539164,582,22,62,428,12144,2932,16170,3,Town (Medium)
Manor Kilbride,Wicklow,53.1986734,-6.4669351,20,0,4,2,184,6,216,0,Town (Small)
Manorcunningham,Donegal,54.9552585,-7.6233678,178,0,6,2,766,24,976,0,Town (Small)
Manorhamilton,Leitrim,54.3048735,-8.1766956,64,2,12,4,1306,522,1910,0,Town (Small)
Maynooth,Kildare,53.3812896,-6.5918499,1766,84,34,2166,12062,7018,23130,3,Town (Medium)
Midleton,Cork,51.9143321,-8.1726276,976,32,24,718,13762,3020,18532,3,Town (Medium)
Milford,Cork,51.8721994,-8.4998655,20,0,0,0,254,20,294,0,Town (Small)
Milford,Donegal,55.0883927,-7.698962099999999,74,4,8,0,932,160,1178,0,Town (Small)
Millstreet,Cork,52.06013180000001,-9.0647121,76,0,20,18,1642,314,2070,0,Town (Small)
Milltown,Galway,53.6137016,-8.898962000000001,28,0,4,2,242,8,284,0,Town (Small)
Milltown,Kerry,52.1451912,-9.7175069,70,2,4,4,1042,296,1418,0,Town (Small)
Milltown,Kildare,53.2051083,-6.861192699999999,28,4,14,12,366,26,450,0,Town (Small)
Miltown Malbay,Clare,52.8562013,-9.4007763,36,0,2,4,852,116,1010,0,Town (Small)
Mitchelstown,Cork,52.2662127,-8.2698863,110,4,4,2,3010,1094,4224,0,Town (Small)
Moate,Westmeath,53.3949987,-7.7186188,140,6,6,22,2698,558,3430,0,Town (Small)
Model Village or Dripsey,Cork,51.9143772,-8.7420906,56,0,4,0,306,10,376,0,Town (Small)
Mogeely,Cork,51.8861108,-8.4989926,64,4,2,4,554,24,652,0,Town (Small)
Mohill,Leitrim,53.9218288,-7.865310099999999,26,0,6,14,742,222,1010,0,Town (Small)
Monaghan,Monaghan,54.2492434,-6.9683082,466,10,22,22,6608,1998,9126,0,Town (Small)
Monamolin,Wexford,52.556856,-6.3496134,58,0,0,0,252,18,328,0,Town (Small)
Monard,Tipperary,52.5107814,-8.2232875,28,0,6,8,260,50,352,0,Town (Small)
Monasterevin,Kildare,53.1400651,-7.060377,530,10,26,248,5018,966,6798,0,Town (Small)
Moneenroe,Kilkenny,52.83215449999999,-7.171786499999999,60,0,6,2,744,62,874,0,Town (Small)
Moneygall,Offaly,52.87973760000001,-7.9578079,48,0,2,2,360,34,446,0,Town (Small)
Monivea,Galway,53.37426199999999,-8.702721,26,0,4,8,508,62,608,0,Town (Small)
Mooncoin,Kilkenny,52.2951348,-7.2565554,72,0,6,6,976,214,1274,0,Town (Small)
Moroe,Limerick,52.649444,-8.39949,192,4,8,0,1510,232,1946,0,Town (Small)
Mountbellew,Galway,53.47188,-8.5049,32,0,2,2,788,126,950,0,Town (Small)
Mountcharles,Donegal,54.6474421,-8.1947189,98,2,4,2,660,82,848,0,Town (Small)
Mountcollins,Limerick,52.3220585,-9.2386125,22,2,4,0,220,4,252,0,Town (Small)
Mountmellick,Laois,53.1181481,-7.3267379,278,2,14,140,4194,1190,5818,0,Town (Small)
Mountrath,Laois,53.0025597,-7.4751396,160,4,10,26,1590,456,2246,0,Town (Small)
Mountshannon,Clare,52.9337525,-8.4330044,28,0,2,0,220,28,278,0,Town (Small)
Moville,Donegal,55.1890182,-7.040053299999999,106,2,6,2,1038,280,1434,0,Town (Small)
Moylough,Galway,53.48770529999999,-8.565876,54,0,0,2,648,50,754,0,Town (Small)
Mucklagh,Offaly,53.250532,-7.550175399999999,102,2,6,26,930,116,1182,0,Town (Small)
Muff,Donegal,55.0680564,-7.2689498,220,4,10,0,1458,108,1800,0,Town (Small)
Muinebeag (Bagenalstown),Carlow,52.7007292,-6.957055599999999,102,4,14,60,2138,1054,3372,0,Town (Small)
Mullagh,Cavan,53.8115174,-6.945981799999999,322,2,10,2,1490,304,2130,0,Town (Small)
Mullaghmore,Sligo,54.4655463,-8.4494545,10,0,4,2,114,8,138,0,Town (Small)
Mullinahone,Tipperary,52.512032,-7.505708599999999,66,2,0,0,418,98,584,0,Town (Small)
Mullinavat,Kilkenny,52.3679303,-7.1711881,18,0,0,2,164,20,204,0,Town (Small)
Mullingar,Westmeath,53.5259334,-7.3381378,1004,64,90,544,19164,5576,26442,3,Town (Medium)
Mulranny,Mayo,53.9061783,-9.781377299999999,52,0,0,0,206,52,310,0,Town (Small)
Multyfarnham,Westmeath,53.6252723,-7.3893159,42,0,4,4,360,96,506,0,Town (Small)
Mungret,Limerick,52.6356745,-8.693501999999999,42,0,0,2,422,38,504,0,Town (Small)
Murntown,Wexford,52.28724,-6.5222437,28,2,0,0,376,32,438,0,Town (Small)
Myrtleville,Cork,51.7829961,-8.3003542,70,0,10,6,952,64,1102,0,Town (Small)
Myshall,Carlow,52.6858791,-6.7804051,52,0,0,2,260,26,340,0,Town (Small)
Mín Lárach,Donegal,55.1451784,-8.1850861,64,0,2,4,356,20,446,0,Town (Small)
Na Dúnaibh,Donegal,55.1948628,-7.8369654,122,0,6,0,502,38,668,0,Town (Small)
Na Forbacha,Galway,53.24918,-9.20495,80,0,0,4,812,124,1020,0,Town (Small)
Naas,Kildare,53.2205654,-6.6593079,2620,128,76,1500,23488,6738,34550,3,Town (Medium)
Narraghmore,Kildare,53.04868010000001,-6.8294142,100,4,0,6,440,18,568,0,Town (Small)
Naul,Dublin,53.5850362,-6.288999899999999,104,0,6,26,712,128,976,0,Town (Small)
Navan,Meath,53.647092,-6.6966605,4880,88,96,140,28866,9904,43974,3,Town (Medium)
Nenagh,Tipperary,52.8642968,-8.1975561,450,14,24,22,8688,2992,12190,0,Town (Small)
New Ross,Wexford,52.3958337,-6.945456699999999,668,14,34,12,6710,1810,9248,0,Town (Small)
Newbawn,Wexford,52.3428304,-6.7912642,24,0,0,0,142,18,184,0,Town (Small)
Newbliss,Monaghan,54.1576466,-7.1368133,44,0,0,0,326,50,420,0,Town (Small)
Newbridge,Kildare,53.17507579999999,-6.8047467,1836,94,66,1736,20074,7288,31094,3,Town (Medium)
Newcastle,Dublin,53.2998135,-6.5010237,780,20,10,126,4108,1034,6078,0,Town (Small)
Newcastle,Tipperary,52.2725965,-7.8112834,64,0,2,0,264,94,424,0,Town (Small)
Newcastle,Wicklow,53.07335519999999,-6.057185,160,8,4,62,938,94,1266,0,Town (Small)
Newcastle West,Limerick,52.4492389,-9.0499054,444,4,14,12,6540,1564,8578,0,Town (Small)
Newmarket,Cork,52.2140232,-9.0030815,48,0,8,6,958,128,1148,0,Town (Small)
Newmarket-On-Fergus,Clare,52.7605328,-8.895750099999999,208,8,4,2,1848,286,2356,0,Town (Small)
Newport,Mayo,53.8852758,-9.5463685,68,0,8,2,652,134,864,0,Town (Small)
Newport,Tipperary,52.71089629999999,-8.406208399999999,112,2,6,0,2352,538,3010,0,Town (Small)
Newtown,Cork,51.8282409,-8.3803862,30,0,6,0,444,70,550,0,Town (Small)
Newtown,Laois,52.8630266,-7.1082572,36,0,2,0,274,18,330,0,Town (Small)
Newtown,Tipperary,52.8778127,-8.292807,24,0,6,0,484,68,582,0,Town (Small)
Newtowncunningham,Donegal,54.99881749999999,-7.5127836,246,2,4,2,1014,176,1444,0,Town (Small)
Newtownforbes,Longford,53.7654838,-7.835621,112,2,2,14,710,114,954,0,Town (Small)
Newtownmountkennedy,Wicklow,53.0927815,-6.112023,670,14,26,68,3318,576,4672,0,Town (Small)
Newtownsandes,Kerry,52.50166,-9.3705609,40,0,0,0,308,42,390,0,Town (Small)
Nobber,Meath,53.8217066,-6.747939799999999,28,0,0,0,280,152,460,0,Town (Small)
Nurney,Kildare,53.0966332,-6.9482121,84,0,6,16,440,114,660,0,Town (Small)
O'Briensbridge-Montpelier,Clare,52.75060389999999,-8.496743,56,0,10,0,430,12,508,0,Town (Small)
Oilgate,Wexford,52.42101,-6.52994,40,0,4,0,352,46,442,0,Town (Small)
Oldcastle,Meath,53.7700178,-7.162411799999999,44,2,16,4,1108,604,1778,0,Town (Small)
Oldtown,Dublin,53.522678,-6.315430699999999,92,2,6,2,530,54,686,0,Town (Small)
Omeath,Louth,54.0882604,-6.2593365,124,2,6,0,558,92,782,0,Town (Small)
Oola,Limerick,52.5296598,-8.2596358,36,0,2,4,258,28,328,0,Town (Small)
Oram,Monaghan,54.1508756,-6.7016152,16,0,4,0,164,24,208,0,Town (Small)
Oranmore,Galway,53.2647506,-8.9297335,436,18,10,120,5970,1400,7954,0,Town (Small)
Oughterard,Galway,53.42854810000001,-9.3189472,134,6,8,4,1696,336,2184,0,Town (Small)
Oulart,Wexford,52.5039145,-6.390861699999999,22,0,2,4,214,24,266,0,Town (Small)
Palatine,Carlow,52.8649974,-6.8610348,16,0,2,4,348,6,376,0,Town (Small)
Pallasgreen,Limerick,52.54873,-8.355184999999999,52,0,2,0,202,20,276,0,Town (Small)
Pallaskenry,Limerick,52.6447411,-8.8674281,12,0,4,0,584,168,768,0,Town (Small)
Parteen,Clare,52.696836,-8.6149881,32,2,4,4,776,160,978,0,Town (Small)
Passage East,Waterford,52.2396938,-6.974394999999999,40,4,2,0,712,74,832,0,Town (Small)
Passage West-Monkstown,Cork,51.8485442,-8.3325695,654,24,28,6,6240,678,7630,0,Town (Small)
Patrickswell,Limerick,52.5980577,-8.707284399999999,114,4,4,0,728,134,984,0,Town (Small)
Paulstown,Kilkenny,52.6793223,-7.021358999999999,154,2,2,0,996,132,1286,0,Town (Small)
Pettigo,Donegal,54.54943,-7.832033900000001,20,0,2,0,96,16,134,0,Town (Small)
Piercetown,Wexford,52.28785999999999,-6.48747,16,0,2,0,296,36,350,0,Town (Small)
Piltown,Kilkenny,52.3511631,-7.331338099999999,184,2,8,2,1212,208,1616,0,Town (Small)
Pollagh,Offaly,53.2768407,-7.709173000000001,54,0,2,0,178,18,252,0,Town (Small)
Portarlington,Laois,53.1616096,-7.1895142,1172,18,36,650,7934,1676,11486,0,Town (Small)
Portlaoise,Laois,53.0328123,-7.298793300000001,2156,64,84,792,20472,4610,28178,3,Town (Medium)
Portlaw,Waterford,52.28926569999999,-7.3147439,380,8,4,2,1696,332,2422,0,Town (Small)
Portmagee,Kerry,51.8854295,-10.36194,30,0,4,0,68,30,132,0,Town (Small)
Portmarnock,Dublin,53.418712,-6.154901499999999,724,42,16,2170,6590,2954,12496,0,Town (Small)
Portrane,Dublin,53.49319999999999,-6.11462,166,10,8,136,1006,118,1444,0,Town (Small)
Portroe,Tipperary,52.8847,-8.344875,62,0,6,0,454,44,566,0,Town (Small)
Portumna,Galway,53.0927811,-8.218540599999999,32,0,6,12,1286,448,1784,0,Town (Small)
Prosperous,Kildare,53.2881253,-6.7550083,310,6,8,34,2222,552,3132,0,Town (Small)
Puckaun,Tipperary,52.931884,-8.2385501,24,0,0,0,222,28,274,0,Town (Small)
Quigleys Point,Donegal,55.1248808,-7.194928300000001,52,0,0,0,192,12,256,0,Town (Small)
Quilty,Clare,52.81725669999999,-9.4559219,6,0,0,0,176,8,190,0,Town (Small)
Quin,Clare,52.8175778,-8.8637803,104,4,6,2,1004,190,1310,0,Town (Small)
Raharney,Westmeath,53.5241052,-7.0960895,30,2,0,4,140,12,188,0,Town (Small)
Ramelton,Donegal,55.03590000000001,-7.64809,204,0,6,0,1006,166,1382,0,Town (Small)
Rampark,Louth,53.97515,-6.48617,78,0,2,4,444,80,608,0,Town (Small)
Rann Na Feirste,Donegal,55.034738,-8.3063621,74,0,2,0,324,30,430,0,Town (Small)
Raphoe,Donegal,54.8738705,-7.5994379,50,0,10,0,784,246,1090,0,Town (Small)
Rathangan,Kildare,53.2210179,-6.9945422,98,10,8,94,3268,784,4262,0,Town (Small)
Rathard-Aherla,Cork,51.8536728,-8.732601899999999,106,0,6,0,736,18,866,0,Town (Small)
Rathcoffey,Kildare,53.3342027,-6.678636200000001,56,0,2,12,314,64,448,0,Town (Small)
Rathcoole,Cork,52.0942583,-8.974065099999999,42,0,2,2,218,36,300,0,Town (Small)
Rathcoole,Dublin,53.2817307,-6.466167,422,32,16,148,4636,2108,7362,0,Town (Small)
Rathcormac,Cork,52.07613,-8.28176,388,6,10,4,1890,518,2816,0,Town (Small)
Rathdowney,Laois,52.8555198,-7.584797300000001,54,0,4,24,1164,408,1654,0,Town (Small)
Rathdrum,Wicklow,52.93231230000001,-6.231101199999999,80,6,8,110,1974,614,2792,0,Town (Small)
Rathkeale,Limerick,52.5225255,-8.9403655,32,0,10,0,590,312,944,0,Town (Small)
Rathmolyon,Meath,53.488177,-6.8036692,84,0,4,12,502,24,626,0,Town (Small)
Rathmore,Kerry,52.0842484,-9.2184337,126,2,6,12,868,40,1054,0,Town (Small)
Rathmullan,Donegal,55.0970707,-7.5363061,50,0,4,2,386,82,524,0,Town (Small)
Rathnew,Wicklow,52.9946004,-6.082812,276,12,22,44,3490,818,4662,0,Town (Small)
Rathowen,Westmeath,53.656076,-7.5203959,32,0,2,0,132,36,202,0,Town (Small)
Rathtoe,Carlow,52.835854,-6.932474399999999,42,2,0,4,352,50,450,0,Town (Small)
Rathvilly,Carlow,52.87983449999999,-6.6960481,138,2,8,0,1012,146,1306,0,Town (Small)
Ratoath,Meath,53.5062898,-6.465680099999999,1544,32,18,116,9354,3642,14706,0,Town (Small)
Rear Cross,Tipperary,52.6863722,-8.2370086,20,0,6,0,114,36,176,0,Town (Small)
Redcross,Wicklow,52.88974400000001,-6.1452741,60,0,0,8,218,38,324,0,Town (Small)
Rhode,Offaly,53.3499888,-7.198962900000001,156,0,4,0,712,82,954,0,Town (Small)
Ringaskiddy-Loughbeg,Cork,51.83042829999999,-8.3219487,62,0,8,2,648,86,806,0,Town (Small)
Rivermeade,Dublin,53.45355,-6.28999,132,0,2,0,354,116,604,0,Town (Small)
Riverstick,Cork,51.773023,-8.4960524,238,2,0,2,888,34,1164,0,Town (Small)
Riverstown,Sligo,54.1304398,-8.3952507,38,0,4,2,376,58,478,0,Town (Small)
Robertstown,Kildare,53.269268,-6.815316399999999,86,2,4,6,792,72,962,0,Town (Small)
Robinstown,Meath,53.5946777,-6.7280973,74,0,4,2,396,108,584,0,Town (Small)
Rochfortbridge,Westmeath,53.4146417,-7.2996835,136,0,24,6,1194,468,1828,0,Town (Small)
Rockcorry,Monaghan,54.1178982,-7.0148381,46,2,4,0,264,46,362,0,Town (Small)
Roosky,Leitrim,53.827075,-7.9168239,94,0,4,12,654,110,874,0,Town (Small)
Roscommon,Roscommon,53.63401649999999,-8.181945899999999,254,10,32,70,5814,1560,7740,0,Town (Small)
Roscrea,Tipperary,52.9551789,-7.798469600000001,388,8,52,22,4808,1314,6592,0,Town (Small)
Rosegreen,Tipperary,52.469442,-7.8327776,22,0,0,0,216,34,272,0,Town (Small)
Rosscahill,Galway,53.38712,-9.246229999999999,38,0,0,0,392,30,460,0,Town (Small)
Rosscarbery,Cork,51.57767,-9.038,14,2,4,0,566,108,694,0,Town (Small)
Rosses Point,Sligo,54.3047546,-8.5640206,68,2,0,8,764,118,960,0,Town (Small)
Rosslare,Wexford,52.2720275,-6.3892254,218,2,8,32,1470,210,1940,0,Town (Small)
Rosslare Harbour,Wexford,52.2513061,-6.3414908,342,2,24,8,1712,258,2346,0,Town (Small)
Roundstone,Galway,53.39642079999999,-9.919018399999999,32,0,2,0,124,30,188,0,Town (Small)
Roundwood,Wicklow,53.0657875,-6.2241877,204,4,4,8,778,224,1222,0,Town (Small)
Rush,Dublin,53.5256684,-6.0911586,1790,56,62,1052,8350,2900,14210,3,Town (Medium)
Saggart,Dublin,53.284435,-6.440534599999999,346,30,2,418,2792,834,4422,0,Town (Small)
Saleen,Cork,51.8637224,-8.161825799999999,86,2,2,10,658,72,830,0,Town (Small)
Sallins,Kildare,53.251067,-6.6652312,1018,28,18,1018,5270,1454,8806,0,Town (Small)
Scarriff-Tuamgraney,Clare,52.8985172,-8.541013,18,0,6,0,470,172,666,0,Town (Small)
Schull,Cork,51.526867,-9.5479801,14,4,6,0,432,180,636,0,Town (Small)
Scotshouse,Monaghan,54.1226216,-7.2471111,74,0,0,0,316,42,432,0,Town (Small)
Scotstown,Monaghan,54.2778889,-7.066951400000001,68,2,0,6,490,32,598,0,Town (Small)
Shanagarry,Cork,51.8527122,-8.0299249,90,2,8,12,700,78,890,0,Town (Small)
Shanagolden,Limerick,52.5746155,-9.1004049,12,0,0,0,130,8,150,0,Town (Small)
Shanbally,Cork,51.8334141,-8.3570879,32,2,0,0,402,68,504,0,Town (Small)
Shanballymore,Cork,52.2187977,-8.4759914,30,0,2,4,166,38,240,0,Town (Small)
Shannon,Clare,52.71178219999999,-8.8783365,696,34,38,12,8318,3710,12808,0,Town (Small)
Shannonbridge,Offaly,53.279632,-8.044721299999999,36,0,0,0,98,6,140,0,Town (Small)
Shercock,Cavan,53.9950108,-6.8979854,70,0,2,2,500,212,786,0,Town (Small)
Shillelagh,Wicklow,52.7545156,-6.533460499999999,36,0,0,0,376,52,464,0,Town (Small)
Shinrone,Offaly,52.9844035,-7.9245622,82,0,6,4,498,108,698,0,Town (Small)
Shrule,Mayo,53.5202745,-9.0883693,50,0,0,0,364,32,446,0,Town (Small)
Silvermines,Tipperary,52.79436099999999,-8.2366272,36,2,2,0,280,26,346,0,Town (Small)
Sixmilebridge,Clare,52.7420054,-8.772400500000002,446,10,18,46,2966,478,3964,0,Town (Small)
Skerries,Dublin,53.5805519,-6.1078779,606,34,26,2244,6622,3734,13266,0,Town (Small)
Skibbereen,Cork,51.55592439999999,-9.262130299999999,68,2,12,2,2382,880,3346,0,Town (Small)
Slane,Meath,53.7086474,-6.543651199999999,340,2,6,2,1192,276,1818,0,Town (Small)
Slieverue,Kilkenny,52.2828142,-7.0689659,50,2,2,2,424,66,546,0,Town (Small)
Sligo,Sligo,54.27661029999999,-8.4760888,978,60,50,102,14140,7430,22760,3,Town (Medium)
Smithborough,Monaghan,54.2213027,-7.0981545,80,0,2,0,550,52,684,0,Town (Small)
Sneem,Kerry,51.8373942,-9.8983245,46,0,0,0,184,146,376,0,Town (Small)
Spa,Kerry,52.27538999999999,-9.788499999999999,6,0,0,6,380,40,432,0,Town (Small)
Spanish Point,Clare,52.8466428,-9.4397015,8,0,0,10,220,16,254,0,Town (Small)
St. Johnston,Donegal,54.93468,-7.461359999999999,90,0,0,0,410,76,576,0,Town (Small)
Stamullen,Meath,53.63023,-6.26834,614,4,10,202,3982,870,5682,0,Town (Small)
Stoneyford,Kilkenny,52.5370387,-7.229316900000001,14,0,0,2,252,26,294,0,Town (Small)
Stradbally,Laois,53.01579830000001,-7.149471699999999,186,0,10,18,1126,200,1540,0,Town (Small)
Stradbally,Waterford,52.1313569,-7.4608978,54,0,0,0,516,30,600,0,Town (Small)
Straffan,Kildare,53.3118851,-6.608824800000001,132,2,0,28,1148,260,1570,0,Town (Small)
Strandhill,Sligo,54.26999009999999,-8.598940299999999,134,2,4,16,1956,318,2430,0,Town (Small)
Stratford,Wicklow,52.9878852,-6.675076499999999,12,0,0,0,214,36,262,0,Town (Small)
Strokestown,Roscommon,53.7758666,-8.1035319,46,0,2,2,620,194,864,0,Town (Small)
Summerhill,Meath,53.4813655,-6.732514699999999,180,2,10,14,894,106,1206,0,Town (Small)
Suncroft,Kildare,53.1075785,-6.8613827,50,2,0,8,370,70,500,0,Town (Small)
Swanlinbar,Cavan,54.1937636,-7.7047113,24,0,6,0,114,94,238,0,Town (Small)
Swinford,Mayo,53.9437021,-8.950006,44,0,4,2,1068,386,1504,0,Town (Small)
Swords,Dublin,53.4557467,-6.219740600000001,10364,282,90,422,32242,10730,54130,3,Town (Medium)
Taghmon,Wexford,52.3229838,-6.6546699,112,0,12,0,430,152,706,0,Town (Small)
Tagoat,Wexford,52.2454387,-6.388300099999999,88,0,2,2,508,56,656,0,Town (Small)
Tallanstown,Louth,53.9200662,-6.5471834,110,0,0,8,634,134,886,0,Town (Small)
Tallow,Waterford,52.09214069999999,-8.007030199999999,166,0,4,0,712,258,1140,0,Town (Small)
Tarbert,Kerry,52.5724738,-9.374537199999999,10,0,2,0,360,148,520,0,Town (Small)
Templemore,Tipperary,52.794802,-7.839860900000001,34,8,12,54,1582,620,2310,0,Town (Small)
Templetuohy,Tipperary,52.78847,-7.721649999999999,24,0,0,0,212,40,276,0,Town (Small)
Termonbarry,Roscommon,53.7422919,-7.920643500000001,82,4,2,10,772,46,916,0,Town (Small)
Termonfeckin,Louth,53.76101389999999,-6.271843199999999,298,4,8,40,1942,198,2490,0,Town (Small)
The Ballagh,Wexford,52.47257,-6.43323,62,0,6,0,574,50,692,0,Town (Small)
The Commons,Tipperary,52.6272156,-7.546653200000001,8,2,0,4,104,34,152,0,Town (Small)
The Swan,Laois,52.88901000000001,-7.160559999999999,48,0,0,4,270,32,354,0,Town (Small)
Thomastown,Kilkenny,52.5264574,-7.1383205,150,4,14,34,2110,590,2902,0,Town (Small)
Three Mile House,Monaghan,54.21667,-7.042671299999999,22,0,2,0,130,20,174,0,Town (Small)
Thurles,Tipperary,52.6801064,-7.8044421,184,10,34,184,6750,2124,9286,0,Town (Small)
Tievebane,Donegal,55.0630284,-7.429459,70,2,6,2,490,46,616,0,Town (Small)
Timoleague,Cork,51.6432296,-8.766188699999999,46,0,0,0,266,176,488,0,Town (Small)
Tinahely,Wicklow,52.7997634,-6.463184399999999,184,4,10,4,902,142,1246,0,Town (Small)
Tinryland,Carlow,52.7969671,-6.8957413,40,0,8,4,338,30,420,0,Town (Small)
Tinure,Louth,53.79188,-6.419,142,0,0,8,490,122,762,0,Town (Small)
Tipperary,Tipperary,52.47363910000001,-8.1617622,150,8,20,76,3982,1458,5694,0,Town (Small)
Toomevara,Tipperary,52.85071629999999,-8.0350506,24,0,0,0,186,56,266,0,Town (Small)
Toornafulla,Limerick,52.36463999999999,-9.152849999999999,28,0,0,0,218,20,266,0,Town (Small)
Tower,Cork,51.92518,-8.60797,322,4,2,0,3950,148,4426,0,Town (Small)
Tralee,Kerry,52.2713096,-9.6999325,1118,48,70,90,19390,6268,26984,3,Town (Medium)
Tramore,Waterford,52.16143539999999,-7.1492952,818,30,28,48,10600,2378,13902,0,Town (Small)
Trim,Meath,53.5523666,-6.7866474,1174,18,30,46,8642,2302,12212,0,Town (Small)
Tuam,Galway,53.5141156,-8.8565177,670,22,34,14,8108,2162,11010,0,Town (Small)
Tubbercurry,Sligo,54.0552258,-8.7298236,160,6,14,8,1916,410,2514,0,Town (Small)
Tulla,Clare,52.8692148,-8.7607816,28,0,6,4,684,180,902,0,Town (Small)
Tullaghan,Leitrim,54.468449,-8.3290498,12,0,4,0,312,12,340,0,Town (Small)
Tullamore,Offaly,53.2752768,-7.4924439,1274,28,52,446,12244,3828,17872,3,Town (Medium)
Tullow,Carlow,52.802547,-6.7371517,278,0,20,16,4516,1304,6134,0,Town (Small)
Tullyallen,Louth,53.73661,-6.42244,388,6,4,28,1674,370,2470,0,Town (Small)
Tulsk,Roscommon,53.7799868,-8.2560526,22,0,2,4,184,20,232,0,Town (Small)
Turlough,Mayo,53.8841074,-9.2124764,36,0,2,0,572,8,618,0,Town (Small)
Turloughmore,Galway,53.3821288,-8.853684,30,0,2,0,298,4,334,0,Town (Small)
Two Mile House,Kildare,53.1702248,-6.700301899999999,76,0,2,22,522,80,702,0,Town (Small)
Twomileborris,Tipperary,52.6725745,-7.711432999999999,34,0,2,8,514,50,608,0,Town (Small)
Tyrrellspass,Westmeath,53.3889615,-7.3773447,42,0,2,2,306,74,426,0,Town (Small)
Unionhall,Cork,51.558803,-9.1434791,54,0,0,0,302,66,422,0,Town (Small)
Urlingford,Kilkenny,52.7205983,-7.5821799,120,2,10,12,876,312,1332,0,Town (Small)
Villierstown,Waterford,52.08824449999999,-7.850768,50,0,2,0,240,46,338,0,Town (Small)
Virginia,Cavan,53.8344096,-7.0813222,282,6,18,10,2730,878,3924,0,Town (Small)
Walsh Island or Coolagary,Offaly,53.234638,-7.2138556,68,0,4,8,368,92,540,0,Town (Small)
Waterford city and suburbs,Waterford,52.2593197,-7.110070299999999,3786,284,186,182,48764,14232,67434,2,Town (Large)
Watergrasshill,Cork,52.0113682,-8.3440414,302,0,16,2,2004,456,2780,0,Town (Small)
Waterville,Kerry,51.829465,-10.1745436,102,0,6,0,388,108,604,0,Town (Small)
Westport,Mayo,53.8011505,-9.5223,358,12,10,50,5124,2274,7828,0,Town (Small)
Wexford,Wexford,52.336916,-6.4633381,980,52,66,82,17430,5748,24358,3,Town (Medium)
Whitechurch,Cork,51.9840023,-8.516469899999999,66,4,4,0,1048,12,1134,0,Town (Small)
Whitegate,Clare,52.9505524,-8.3729064,18,0,2,0,172,8,200,0,Town (Small)
Whitegate,Cork,51.8267841,-8.2321121,234,2,4,10,1398,90,1738,0,Town (Small)
Wicklow,Wicklow,52.9808207,-6.044588999999999,1070,38,40,464,11564,2834,16010,3,Town (Medium)
Williamstown,Galway,53.6777196,-8.579964,10,0,2,0,176,28,216,0,Town (Small)
Woodford,Galway,53.0521803,-8.4002368,2,0,4,0,244,26,276,0,Town (Small)
Youghal,Cork,51.9542704,-7.8471707,786,12,36,22,7088,1338,9282,0,Town (Small)
