Town,County,Latitude,Longitude,Bus,Motorcycle,Other,Rail,Car,Bicyle / On Foot,Total
Abbeydorney,Kerry,52.346618,-9.6879095,68,0,2,2,604,54,730
Abbeyfeale,Limerick,52.3851792,-9.3007966,64,2,10,2,1840,476,2394
Abbeyknockmoy,Galway,53.43649,-8.74804,76,0,2,0,378,18,474
Abbeyleix,Laois,52.9152801,-7.3478923,258,4,6,46,1560,304,2178
Adamstown,Wexford,52.3935687,-6.7185567,10,0,0,0,262,78,350
Adare,Limerick,52.5636521,-8.7925281,106,0,8,4,1094,262,1474
Aghada-Rostellan,Cork,51.8394856,-8.2149056,168,2,0,14,1098,100,1382
Aglish,Waterford,52.0715072,-7.8222696,50,2,2,0,272,52,378
Ahascragh,Galway,53.3976127,-8.3346318,12,0,6,2,154,8,182
Ailt An Chorráin,Donegal,54.9845286,-8.4326581,30,0,0,0,204,32,266
Allenwood,Kildare,53.2839545,-6.8618405,246,8,24,20,1784,168,2250
An Bun Beag,Donegal,55.060874,-8.3003485,46,0,6,0,670,90,812
An Charraig,Donegal,54.6577244,-8.6327484,18,0,2,2,286,62,370
An Cheathrú Rua,Galway,53.2641084,-9.5982671,30,0,2,2,486,120,640
An Clochán Liath,Donegal,54.9502887,-8.3573628,44,4,4,4,942,220,1218
An Fál Carrach,Donegal,55.1364084,-8.1044862,44,0,6,0,512,196,758
An Rinn,Waterford,52.0468945,-7.5718879,30,0,2,2,686,126,846
An Spidéal,Galway,53.2441766,-9.3058803,10,0,0,0,242,70,322
Anagaire,Donegal,55.02044,-8.31366,50,0,2,0,220,40,312
Annacotty,Limerick,52.667128,-8.5324694,204,2,10,0,3040,956,4212
Annagassan,Louth,53.882628,-6.3434942,32,0,2,0,178,16,228
Annaghdown,Galway,53.3881317,-9.0710338,26,0,2,0,230,2,260
Annascaul,Kerry,52.1510786,-10.0567611,60,0,0,0,246,38,344
Annayalla,Monaghan,54.16064,-6.78888,34,0,2,0,238,42,316
Ardagh,Limerick,52.4941478,-9.0637542,18,0,6,0,268,30,322
Ardara,Donegal,54.7671456,-8.4092864,106,0,0,0,582,160,848
Ardee,Louth,53.8576227,-6.5400009,366,4,20,12,4234,1684,6320
Ardfert,Kerry,52.3282825,-9.7674406,72,0,4,0,706,88,870
Ardfinnan,Tipperary,52.3092483,-7.8842292,140,2,2,2,954,84,1184
Ardmore,Waterford,51.9510741,-7.725329,54,2,0,2,314,126,498
Ardnacrusha,Clare,52.7104277,-8.602863,82,0,4,2,1564,50,1702
Arklow,Wicklow,52.7976935,-6.1599293,648,26,34,176,11320,3708,15912
Arthurstown,Wexford,52.2420606,-6.9517472,6,0,4,0,116,14,140
Arvagh,Cavan,53.9214383,-7.5799134,38,0,12,2,348,112,512
Ashbourne,Meath,53.5111621,-6.3973818,2090,84,36,48,13612,5782,21652
Ashford,Wicklow,53.0107896,-6.108289,216,8,4,30,1772,198,2228
Askeaton,Limerick,52.6005095,-8.975062,46,0,4,2,912,312,1276
Athboy,Meath,53.6236329,-6.915637,328,6,10,8,2190,664,3206
Athea,Limerick,52.4606497,-9.287626,52,0,6,0,320,80,458
Athenry,Galway,53.3008131,-8.7453768,146,10,4,262,4528,1140,6090
Athgarvan,Kildare,53.1528908,-6.7777003,72,4,6,68,1416,142,1708
Athleague,Roscommon,53.5676272,-8.2567472,44,0,0,2,304,44,394
Athlone,Westmeath,53.4239331,-7.9406898,2472,36,70,402,17500,5184,25664
Athy,Kildare,52.9918336,-6.985728,828,30,40,600,8744,2652,12894
Aughnacliffe,Longford,53.84885,-7.60445,26,0,2,2,160,18,208
Aughrim,Wicklow,52.8559337,-6.3259331,308,4,6,16,1226,194,1754
Avoca,Wicklow,52.8586664,-6.2140891,116,4,8,20,600,128,876
Baile Chláir,Galway,53.3409031,-8.9456735,126,8,0,4,1570,546,2254
Baile Mhic Íre,Cork,51.9363905,-9.1454314,18,0,4,0,336,112,470
Bailieborough,Cavan,53.9156096,-6.9692942,158,2,18,2,2324,572,3076
Balbriggan,Dublin,53.6083194,-6.1820798,2650,76,60,2694,17318,8868,31666
Balla,Mayo,53.8043767,-9.1305014,26,0,10,0,926,154,1116
Ballaghaderreen,Roscommon,53.9016968,-8.5792106,112,2,20,16,1548,670,2368
Ballina,Mayo,54.1149482,-9.1550693,1102,8,26,16,8734,2158,12044
Ballina,Tipperary,52.8070154,-8.4309179,170,4,8,16,2732,988,3918
Ballinabrannagh,Carlow,52.785424,-6.9848842,68,0,12,12,610,136,838
Ballinaclash,Wicklow,52.9052365,-6.2579487,82,0,4,12,280,2,380
Ballinagar,Offaly,53.2662048,-7.3371072,38,0,2,0,354,46,440
Ballinagh,Cavan,53.9302,-7.41044,180,0,4,2,904,160,1250
Ballinakill,Laois,52.8745935,-7.3085929,10,0,6,6,454,54,530
Ballinalack,Westmeath,53.6305581,-7.473041,26,0,2,2,164,14,208
Ballinalee,Longford,53.7750724,-7.6550915,52,0,4,8,346,34,444
Ballinameen,Roscommon,53.8972258,-8.301216,24,0,4,0,296,2,326
Ballinamore,Leitrim,54.0522181,-7.8032043,58,0,8,4,844,292,1206
Ballinasloe,Galway,53.3281251,-8.2236807,356,12,36,116,4994,1272,6786
Ballincar,Sligo,54.2979892,-8.4972895,16,0,2,0,312,24,354
Ballinderreen,Galway,53.1856721,-8.9096454,56,0,2,2,390,108,558
Ballindine,Mayo,53.6692569,-8.9567295,50,0,4,0,438,68,560
Ballindrait,Donegal,54.8451594,-7.5265306,8,0,2,0,70,4,84
Ballineen-Enniskean,Cork,51.73824,-8.93058,98,0,6,0,556,140,800
Ballingarry,Limerick,52.4732187,-8.8627555,58,0,2,0,614,102,776
Ballingarry,Tipperary,52.5863379,-7.5416271,22,0,2,8,218,40,290
Ballinlough,Roscommon,53.7418858,-8.6335579,12,0,4,0,308,28,352
Ballinroad,Waterford,52.1037518,-7.5734156,40,2,8,0,1810,160,2020
Ballinrobe,Mayo,53.6237338,-9.2211143,172,4,16,6,2650,836,3684
Ballinspittle,Cork,51.6663408,-8.5965941,58,0,0,0,330,74,462
Ballintober,Roscommon,53.7180878,-8.4100998,8,0,2,2,206,20,238
Ballintogher,Sligo,54.2006449,-8.3649676,60,0,4,0,392,48,504
Ballintra,Donegal,54.5788499,-8.1243234,20,0,0,0,226,14,260
Ballitore,Kildare,53.009742,-6.8156295,82,0,0,6,644,30,762
Ballivor,Meath,53.5329521,-6.9680717,370,0,6,14,1826,326,2542
Ballon,Carlow,52.7391042,-6.7697839,128,2,0,4,702,192,1028
Ballyagran,Limerick,52.4018224,-8.7823667,14,0,2,0,180,10,206
Ballybay,Monaghan,54.1294617,-6.9027864,62,0,14,2,1226,340,1644
Ballybofey-Stranorlar,Donegal,54.801667,-7.775,662,4,36,4,4648,762,6116
Ballyboghil,Dublin,53.520206,-6.2675954,94,6,4,32,804,162,1102
Ballybrittas,Laois,53.109028,-7.1374187,60,2,2,14,518,16,612
Ballybunion,Kerry,52.51108,-9.67097,34,0,2,10,1234,276,1556
Ballycanew,Wexford,52.6106782,-6.3049672,76,0,6,6,526,90,704
Ballycannan,Clare,52.702964,-8.649498,30,4,2,0,708,12,756
Ballycastle,Mayo,54.2796698,-9.3724643,22,0,0,0,150,20,192
Ballyclerahan,Tipperary,52.4118971,-7.7530672,58,2,10,2,1092,118,1282
Ballyclogh,Cork,52.1673919,-8.742242,42,0,6,2,276,44,370
Ballycolla,Laois,52.8825474,-7.4468606,4,0,0,0,136,6,146
Ballyconnell,Cavan,54.1162175,-7.5839543,206,12,10,4,1132,350,1714
Ballycotton,Cork,51.8299148,-8.0097621,38,0,0,0,426,72,536
Ballycullane,Wexford,52.2803179,-6.8397818,30,0,2,2,182,34,250
Ballycumber,Offaly,53.3264159,-7.6861137,16,0,0,0,214,18,248
Ballydehob,Cork,51.5644261,-9.4634122,22,0,4,0,222,58,306
Ballydesmond,Cork,52.1796564,-9.2341524,18,2,12,0,228,28,288
Ballyduff,Kerry,52.4545516,-9.6629052,74,2,0,0,340,62,478
Ballyforan,Roscommon,53.4700864,-8.270058,28,0,0,0,184,50,262
Ballygar,Galway,53.5238778,-8.3346912,34,2,2,2,554,192,786
Ballygarvan,Cork,51.824267,-8.4612549,82,0,4,0,626,114,826
Ballygawley,Sligo,54.1920204,-8.4452435,36,0,0,2,356,8,402
Ballyhack,Wexford,52.2487468,-6.9640362,12,0,0,0,154,32,198
Ballyhahill,Limerick,52.5595432,-9.1944765,24,0,2,0,120,34,180
Ballyhaise,Cavan,54.0473393,-7.3155093,124,0,4,2,692,172,994
Ballyhale,Kilkenny,52.4669813,-7.2002655,6,0,2,0,182,40,230
Ballyhaunis,Mayo,53.7628378,-8.7645957,180,2,12,26,1724,950,2894
Ballyheigue,Kerry,52.3904645,-9.8277419,120,0,2,4,378,42,546
Ballyhogue,Wexford,52.41432,-6.57535,60,0,0,0,252,22,334
Ballyhooly,Cork,52.1452748,-8.3980968,80,0,0,0,606,124,810
Ballyjamesduff,Cavan,53.8638736,-7.2064562,164,2,16,4,2534,1082,3802
Ballyknockan,Wicklow,53.1029934,-6.4959254,56,0,0,0,238,6,300
Ballylanders,Limerick,52.3735166,-8.3455064,36,0,2,0,266,88,392
Ballyliffin,Donegal,55.2784391,-7.3942123,82,0,2,0,374,46,504
Ballylinan,Laois,52.9435883,-7.0420455,206,2,12,32,1176,148,1576
Ballylongford,Kerry,52.5479992,-9.4788097,66,0,4,0,354,18,442
Ballymacarbry,Waterford,52.2670804,-7.7176504,24,0,0,0,138,14,176
Ballymacoda,Cork,51.8921093,-7.9395743,62,2,0,0,218,0,282
Ballymahon,Longford,53.5643632,-7.7645964,40,2,2,6,1162,524,1736
Ballymore,Westmeath,53.4909131,-7.6797464,64,0,8,8,500,50,630
Ballymore Eustace,Kildare,53.1330099,-6.6148809,112,0,0,12,600,92,816
Ballymote,Sligo,54.0898288,-8.5171827,98,4,4,18,1534,364,2022
Ballymurn,Wexford,52.4412829,-6.4770469,84,2,2,2,690,78,858
Ballynacargy,Westmeath,53.5820789,-7.5364989,28,0,0,0,128,48,204
Ballynacarrow,Sligo,54.1340968,-8.560462,18,0,0,0,256,28,302
Ballyneety,Limerick,52.5977547,-8.5490207,36,0,0,2,682,18,738
Ballynoe,Cork,51.9472538,-8.4460079,50,0,0,0,208,6,264
Ballyoulster,Kildare,53.3414646,-6.5121938,80,2,2,10,336,60,490
Ballyporeen,Tipperary,52.2701094,-8.0992106,42,0,4,2,252,60,360
Ballyragget,Kilkenny,52.7888894,-7.3328641,148,0,10,4,952,188,1302
Ballyroan,Laois,52.9483991,-7.3046676,102,0,6,4,712,64,888
Ballyroe,Kildare,52.9578429,-6.9389751,24,0,2,4,160,36,226
Ballysadare,Sligo,54.2121162,-8.5090366,88,4,10,10,2012,272,2396
Ballyshannon,Donegal,54.5029882,-8.1920416,124,2,4,6,1626,514,2276
Ballysimon,Wexford,52.5227528,-6.4836862,32,0,12,0,356,40,440
Ballyvaughan,Clare,53.1155333,-9.1494233,34,0,2,0,94,48,178
Balrothery,Dublin,53.2915766,-6.3391982,380,10,4,84,2030,498,3006
Baltimore,Cork,51.4843274,-9.3661093,86,2,8,4,272,90,462
Baltinglass,Wicklow,52.9407807,-6.71098,104,4,8,12,2014,774,2916
Baltray,Louth,53.7371107,-6.2704904,10,0,0,4,166,2,182
Banagher,Offaly,53.1901112,-7.9861049,62,0,12,6,1372,586,2038
Bandon,Cork,51.7458668,-8.7350553,808,18,44,18,7458,1716,10062
Bangor Erris,Mayo,54.1446484,-9.7428784,50,0,4,0,266,70,390
Bansha,Tipperary,52.4482369,-8.0642959,42,0,0,6,256,62,366
Banteer,Cork,52.1294606,-8.8935092,36,0,2,10,312,50,410
Bantry,Cork,51.6800803,-9.4525763,102,2,12,2,2240,780,3138
Barndarrig,Wicklow,52.90998,-6.11336,54,0,2,2,256,10,324
Barntown,Wexford,52.342388,-6.5284919,34,0,0,4,526,26,590
Baylin,Westmeath,53.43381,-7.84074,14,0,0,6,340,26,386
Bearna,Galway,53.2506642,-9.1551345,144,8,10,8,2436,362,2968
Beaufort,Kerry,52.0722344,-9.6392584,26,0,2,2,280,18,328
Beaulieu,Louth,53.7280656,-6.2935757,12,2,6,4,230,12,266
Belcarra,Mayo,53.8022746,-9.2141371,12,0,0,0,180,36,228
Belgooly,Cork,51.7368994,-8.4815869,206,0,2,6,888,140,1242
Bellanagare,Roscommon,53.8369829,-8.3815026,12,0,4,0,124,14,154
Bellanode,Monaghan,54.266922,-7.0364418,64,0,2,0,484,22,572
Bellavary,Mayo,53.89366,-9.15104,20,0,0,0,186,34,240
Belmont,Offaly,53.2560708,-7.8951652,12,0,0,0,152,14,178
Belturbet,Cavan,54.1019056,-7.449668,120,0,4,6,1154,306,1590
Bennettsbridge,Kilkenny,52.5923475,-7.1843272,72,0,8,2,600,100,782
Birr,Offaly,53.0980052,-7.9096882,152,2,24,36,3602,1314,5130
Blacklion,Cavan,54.2920639,-7.8751276,8,0,0,4,162,22,196
Blackwater,Wexford,52.4473539,-6.3469303,60,0,0,2,390,62,514
Blarney,Cork,51.9338275,-8.5612438,198,4,2,8,2798,370,3380
Blessington,Wicklow,53.1696579,-6.5340687,808,20,16,52,5150,1570,7616
Boherbue,Cork,52.1582386,-9.0684828,8,0,0,0,406,118,532
Boherlahan,Tipperary,52.5730161,-7.8935629,16,0,2,4,170,20,212
Bohola,Mayo,53.9025842,-9.0549945,26,0,0,0,170,10,206
Bonniconlon,Mayo,54.10909,-9.03075,12,0,0,0,204,36,252
Borris,Carlow,52.6012982,-6.9279771,20,0,4,6,438,164,632
Borris-In-Ossory,Laois,52.9391777,-7.6310983,104,0,4,6,538,124,776
Borrisokane,Tipperary,52.9963736,-8.1273256,62,6,2,0,808,330,1208
Borrisoleigh,Tipperary,52.7525257,-7.9578876,12,2,12,8,662,134,830
Boyle,Roscommon,53.9722082,-8.2972756,136,0,14,20,1886,684,2740
Bracknagh,Offaly,53.209205,-7.0981836,28,0,4,4,238,16,290
Brannockstown,Kildare,53.1226695,-6.6937866,8,4,2,10,254,10,288
Bray,Wicklow,53.2006993,-6.1109319,4460,170,114,3360,22580,8834,39518
Bree,Wexford,52.4351769,-6.6087149,34,0,0,2,318,58,412
Bridebridge,Cork,51.9271158,-8.4865968,24,2,4,0,204,28,262
Bridge End,Donegal,55.0422391,-7.3821884,50,0,4,0,360,52,466
Bridgetown,Wexford,52.2302422,-6.549064,80,0,0,0,446,92,618
Brittas,Dublin,53.2288212,-6.4432551,26,0,2,4,168,2,202
Broadford,Clare,52.8060302,-8.6328674,36,0,4,0,328,56,424
Broadford,Limerick,52.3455286,-8.9752937,12,0,2,0,194,48,256
Brosna,Kerry,52.3125648,-9.267679,16,0,0,0,130,14,160
Bruff,Limerick,52.4755485,-8.5474034,106,0,8,4,756,172,1046
Bruree,Limerick,52.4243025,-8.6606015,62,0,4,0,600,56,722
Bun Na Leaca,Donegal,55.1297357,-8.2804066,148,0,0,0,422,26,596
Bunclody,Wexford,52.6550857,-6.652193,52,2,4,12,1474,456,2000
Buncrana,Donegal,55.1365797,-7.4560128,374,0,48,4,6672,1124,8222
Bundoran,Donegal,54.4791416,-8.2779341,122,2,6,12,1906,720,2768
Bunratty,Clare,52.6980379,-8.8148982,36,2,0,2,338,12,390
Burnfoot,Donegal,55.0583056,-7.4049447,92,0,6,0,378,10,486
Butlersbridge,Cavan,54.0452119,-7.3769588,20,0,4,0,260,46,330
Buttevant,Cork,52.2321335,-8.6701247,52,2,2,8,836,208,1108
Bweeng,Cork,52.0448011,-8.7231577,96,0,4,2,908,82,1092
Béal An Mhuirthead,Mayo,54.2238996,-9.9876028,50,0,4,2,854,274,1184
Béal Átha An Ghaorthaidh,Cork,51.8507469,-9.2326402,2,0,0,0,246,46,294
Caherconlish,Limerick,52.5951658,-8.4723577,236,0,2,2,1498,180,1918
Cahir,Tipperary,52.3745296,-7.9252469,308,2,12,20,2970,832,4144
Cahirciveen,Kerry,51.9477992,-10.2209047,56,2,2,2,672,372,1106
Callan,Kilkenny,52.544567,-7.3901709,182,4,6,8,2396,656,3252
Calverstown,Kildare,53.0826121,-6.7979894,132,0,2,28,760,20,942
Camolin,Wexford,52.6156787,-6.4263356,66,4,10,0,352,64,496
Campile,Wexford,52.2881507,-6.9413872,114,0,2,0,262,12,390
Cappamore,Limerick,52.6149925,-8.3377813,80,6,6,0,470,166,728
Cappawhite,Tipperary,52.5822151,-8.164659,36,0,0,4,334,78,452
Cappoquin,Waterford,52.1462713,-7.8427438,116,0,4,0,566,162,848
Carlanstown,Meath,53.7597065,-6.8413538,94,2,6,0,826,138,1066
Carlingford,Louth,54.0468677,-6.190181,174,2,4,10,1120,268,1578
Carlow,Carlow,52.835854,-6.9324744,1208,122,114,478,22762,7268,31952
Carndonagh,Donegal,55.2506229,-7.2668905,204,0,22,4,2462,456,3148
Carnew,Wicklow,52.7096658,-6.4992316,32,0,4,10,908,400,1354
Carney,Sligo,54.3386704,-8.5277091,118,0,2,4,458,12,594
Carragh,Kildare,53.2371324,-6.7289787,188,0,0,92,1018,220,1518
Carraig Airt,Donegal,55.1775506,-7.7932777,54,0,0,0,204,26,284
Carrick-On-Shannon,Leitrim,53.945181,-8.0863766,176,10,14,54,4310,1096,5660
Carrick-on-Suir,Tipperary,52.3467186,-7.4147708,584,6,6,14,4312,1232,6154
Carrickmacross,Monaghan,53.9779778,-6.7188238,482,8,38,2,4738,1574,6842
Carrig on Bannow,Wexford,52.2385344,-6.7321656,84,0,2,0,322,50,458
Carrigaline,Cork,51.8164452,-8.3912494,1796,58,64,26,20048,3152,25144
Carrigallen,Leitrim,53.9769348,-7.6443259,10,0,0,6,426,144,586
Carrigans,Donegal,54.9512185,-7.4282852,54,0,2,2,374,18,450
Carrigkerry,Limerick,52.49449,-9.1486153,26,0,0,0,154,20,200
Carrignavar,Cork,51.9891078,-8.477924,4,0,2,4,636,114,760
Carrigtwohill,Cork,51.9094919,-8.2589402,396,32,12,186,5990,1530,8146
Carrowkeel,Donegal,55.137713,-7.6638757,62,0,0,0,274,68,404
Cashel,Tipperary,52.5159097,-7.8915829,166,4,20,22,3842,1466,5520
Castlebar,Mayo,53.8550014,-9.2879257,460,12,46,52,11318,3494,15382
Castlebellingham-Kilsaran,Louth,53.89811,-6.3895,150,6,4,8,962,134,1264
Castleblayney,Monaghan,54.120659,-6.7397374,178,6,24,10,3394,1050,4662
Castlebridge,Wexford,52.3824281,-6.4502872,176,6,4,6,1956,250,2398
Castlecomer,Kilkenny,52.8052843,-7.2103127,66,2,0,6,1230,328,1632
Castleconnell,Limerick,52.7129297,-8.5000525,350,8,18,16,2466,320,3178
Castledermot,Kildare,52.9118755,-6.837567,62,0,16,18,1506,450,2052
Castlefinn,Donegal,54.802999,-7.5895814,152,0,8,2,514,104,780
Castlegregory,Kerry,52.2534651,-10.0207218,12,2,4,2,352,62,434
Castleisland,Kerry,52.2328974,-9.4601492,84,0,16,4,2208,476,2788
Castlelyons,Cork,52.0885669,-8.233699,70,0,0,0,484,14,568
Castlemagner,Cork,51.8985143,-8.4756035,42,0,8,6,452,2,510
Castlemaine,Kerry,52.1684322,-9.7014756,6,0,2,0,184,12,204
Castlemartyr,Cork,51.9119477,-8.0535486,286,4,10,6,1402,390,2098
Castlepollard,Westmeath,53.6800722,-7.2964508,56,0,6,4,1052,310,1428
Castlerea,Roscommon,53.7686571,-8.4924537,104,6,22,38,1510,336,2016
Castletown,Laois,52.9774693,-7.4995604,46,0,2,4,422,70,544
Castletown Geoghegan,Westmeath,53.4462801,-7.4876069,38,0,2,4,274,30,348
Castletownbere,Cork,51.6514954,-9.9103302,12,0,4,0,756,384,1156
Castletownroche,Cork,52.1731113,-8.4634479,40,0,6,4,384,114,548
Castletownshend,Cork,51.5265757,-9.1793869,6,0,2,2,126,14,150
Causeway,Kerry,52.414422,-9.7330771,2,0,2,0,184,30,218
Cavan,Cavan,53.9897186,-7.3633319,846,20,48,26,10680,2234,13854
Celbridge,Kildare,53.3383911,-6.5397633,3912,124,34,892,16910,5594,27466
Charlestown-Bellahy,Mayo,53.964167,-8.795278,54,0,12,2,1072,322,1462
Charleville,Cork,52.3556889,-8.6840314,182,10,16,12,3144,968,4332
Cheekpoint,Waterford,52.2698641,-7.0009247,20,0,6,4,242,10,282
Churchtown,Cork,52.2713057,-8.7308692,60,0,0,16,570,162,808
Cill Charthaigh,Donegal,54.6323944,-8.5894621,54,0,2,0,344,50,450
Cill Rónáin,Galway,53.1232125,-9.6703728,16,0,4,2,114,96,232
Clane,Kildare,53.293785,-6.6870404,946,24,18,178,7760,2064,10990
Clara,Offaly,53.3425103,-7.6134801,184,4,14,80,3092,654,4028
Claremorris,Mayo,53.7238764,-9.0017356,474,16,6,26,3320,736,4578
Clarina,Limerick,52.63209,-8.73269,42,0,2,0,682,36,762
Clarinbridge,Galway,53.2293077,-8.8773824,112,0,4,8,994,88,1206
Clashmore,Waterford,52.0093569,-7.8188756,54,2,0,0,256,46,358
Clifden,Galway,53.4891345,-10.0202388,64,0,6,6,712,504,1292
Cliffony,Sligo,54.430559,-8.4534324,52,2,6,0,454,58,572
Clogh,Kilkenny,52.8710161,-7.1642467,42,0,4,2,274,14,336
Cloghan,Offaly,53.2252399,-7.8825143,76,0,8,2,590,74,750
Clogheen,Tipperary,52.2770794,-7.9951028,60,4,0,0,418,62,544
Clogherhead,Louth,53.7916777,-6.2388506,482,2,22,36,2056,518,3116
Cloghfin,Donegal,54.653827,-8.1096142,20,0,0,0,120,4,144
Clonakilty,Cork,51.6203379,-8.9055104,204,10,12,8,4000,1796,6030
Clonard,Meath,53.4515329,-7.0231073,78,2,2,6,326,24,438
Clonaslee,Laois,53.1486014,-7.5243696,20,2,4,4,632,84,746
Clonbullogue,Offaly,53.2606831,-7.086431,46,2,2,6,314,58,428
Clondrohid,Cork,51.9292332,-9.0227675,22,0,2,0,212,18,254
Clondulane,Cork,52.1421634,-8.2203365,4,2,2,0,554,96,658
Clonee,Meath,53.4105621,-6.4426,200,16,2,48,1060,200,1526
Clonegall,Carlow,52.6948009,-6.6477303,10,0,6,0,202,60,278
Clones,Monaghan,54.1796829,-7.2306671,72,2,10,4,1258,818,2164
Clongeen,Wexford,52.2978897,-6.7727531,46,0,0,2,212,22,282
Clonlara,Clare,52.7238329,-8.5528365,52,0,4,2,840,118,1016
Clonmany,Donegal,55.2628052,-7.4116108,104,0,6,2,438,58,608
Clonmel,Tipperary,52.3623523,-7.7007084,756,50,46,32,16448,3590,20922
Clonmellon,Westmeath,53.6640717,-7.0183933,102,0,8,4,670,136,920
Clonroche,Wexford,52.4496872,-6.7174157,30,0,0,0,212,62,304
Clontibret,Monaghan,54.2054431,-6.8415402,40,0,0,2,216,32,290
Clonygowan,Offaly,53.1874518,-7.2804446,32,0,4,20,306,74,436
Cloonfad,Roscommon,53.6867556,-8.75182,26,0,6,0,378,70,480
Cloontuskert,Roscommon,53.7060686,-8.0028889,10,2,0,2,180,16,210
Cloughduv,Cork,51.8473203,-8.7880041,68,0,2,0,450,88,608
Cloughjordan,Tipperary,52.9429442,-8.0383372,128,2,8,14,392,228,772
Cloyne,Cork,51.8630971,-8.121237,306,12,12,30,1926,388,2674
Cluain Bú,Galway,53.5137007,-8.6601381,88,0,4,0,498,8,598
Coachford,Cork,51.909471,-8.7889601,12,0,2,0,416,140,570
Cobh,Cork,51.8530415,-8.2950905,1398,30,116,606,12322,3338,17810
Coill Dubh (Blackwood),Kildare,53.2931573,-6.8185844,234,6,4,10,1402,198,1854
Collinstown,Westmeath,53.6474715,-7.21216,36,2,0,0,304,66,408
Collon,Louth,53.7777425,-6.4840991,242,0,2,4,732,188,1168
Collooney,Sligo,54.1849522,-8.4865545,146,0,2,12,1894,346,2400
Conna,Cork,52.0931079,-8.1073545,118,0,4,0,542,96,760
Convoy,Donegal,54.859725,-7.6654466,196,0,6,0,1484,182,1868
Coolaney,Sligo,54.1738093,-8.6008023,164,4,6,6,1478,42,1700
Coolboy,Wicklow,52.7620319,-6.4627803,54,0,2,0,314,6,376
Coolgreany,Wexford,52.7647077,-6.2360077,30,4,6,4,356,40,440
Cootehall,Roscommon,53.9841688,-8.1580069,52,2,4,2,300,2,362
Cootehill,Cavan,54.0725034,-7.0823541,234,0,6,2,1564,416,2222
Cork city and suburbs,Cork,51.8985143,-8.4756035,25718,868,648,1218,170530,59804,258786
Corofin,Clare,52.9448216,-9.0640874,158,0,0,2,676,76,912
Corrandulla,Galway,53.3991608,-8.9957945,70,2,0,0,400,74,546
Corrofin,Galway,53.437565,-8.8602715,158,0,4,2,906,14,1084
Courtbrack,Cork,51.8808748,-8.4785161,26,0,4,0,676,0,706
Courtmacsherry,Cork,51.6338554,-8.7059339,118,0,2,2,508,38,668
Courtown,Wexford,52.6448624,-6.2286169,676,4,22,28,3416,548,4694
Cratloe,Clare,52.6985433,-8.7628537,52,4,4,2,910,44,1016
Craughwell,Galway,53.2302689,-8.7347736,162,0,6,10,1250,38,1466
Creeslough,Donegal,55.1233497,-7.9094676,64,0,0,0,266,68,398
Crinkill,Offaly,53.0783786,-7.8970751,28,0,0,6,728,158,920
Cromane,Kerry,52.1061221,-9.8985347,4,0,0,0,222,16,242
Crookstown,Cork,51.842427,-8.8304319,32,0,0,0,194,8,234
Croom,Limerick,52.519036,-8.7174345,26,2,0,0,658,266,952
Crossakeel,Meath,53.7141192,-7.0205368,30,0,0,2,230,8,270
Crossbarry,Cork,51.8020473,-8.6453657,156,0,4,0,434,4,598
Crosshaven,Cork,51.8022632,-8.2904494,222,10,12,6,3290,610,4150
Crossmolina,Mayo,54.100342,-9.3158456,24,2,4,0,1126,166,1322
Crusheen,Clare,52.9386532,-8.8967688,60,2,2,4,786,88,942
Culdaff,Donegal,55.2859437,-7.1651351,54,2,2,2,352,24,436
Curragh Camp,Kildare,53.1474495,-6.8299723,126,6,4,18,974,102,1230
Cut Bush,Kildare,53.1237168,-6.8326039,48,0,2,12,306,58,426
Daingean,Offaly,53.2960818,-7.291967,182,4,10,22,1048,198,1464
Delvin,Westmeath,53.6125653,-7.0917224,134,2,4,6,608,62,816
Derrinturn,Kildare,53.3395275,-6.9399818,402,0,10,18,1638,346,2414
Dingle-Daingean Uí Chuis,Kerry,52.1408534,-10.2671142,42,8,8,12,804,718,1592
Doirí Beaga,Donegal,55.0743448,-8.2941873,52,0,6,0,622,72,752
Donabate,Dublin,53.4853365,-6.1504482,812,40,18,2780,6622,3226,13498
Donard,Wicklow,53.0222351,-6.6130978,24,0,2,0,204,48,278
Donaskeigh,Tipperary,52.5218302,-8.0647868,18,0,4,0,188,10,220
Donegal,Donegal,54.653827,-8.1096142,84,6,14,2,2324,524,2954
Doneraile,Cork,52.2151735,-8.5859774,14,2,2,8,742,178,946
Donore,Meath,53.6921097,-6.4172506,140,2,0,10,698,178,1028
Doohamlat,Monaghan,54.1287354,-6.8239946,32,0,0,0,292,64,388
Doon,Limerick,52.6043221,-8.2484917,16,2,8,2,600,164,792
Doonbeg,Clare,52.7308501,-9.5259951,22,0,2,0,182,60,266
Drangan,Tipperary,52.5170482,-7.5836627,8,0,4,0,132,10,154
Drimoleague,Cork,51.6599357,-9.2612453,48,0,2,0,438,68,556
Drogheda,Louth,53.717856,-6.3560985,6686,136,126,1208,31176,13690,53022
Dromahair,Leitrim,54.2306704,-8.3026235,90,2,0,0,964,178,1234
Dromina,Cork,52.3117507,-8.8012075,14,0,2,0,298,44,358
Dromineer,Tipperary,52.9248849,-8.2756534,0,0,0,0,80,6,86
Dromiskin,Louth,53.9217123,-6.4010092,188,4,2,8,1318,150,1670
Drommahane,Cork,52.1056038,-8.6908349,78,2,10,18,960,196,1264
Dromore West,Sligo,54.2495094,-8.8799262,70,0,4,0,270,20,364
Drumcollogher,Limerick,52.3396079,-8.9076419,4,0,8,2,436,100,550
Drumconrath,Meath,53.8515966,-6.6563415,76,0,6,2,326,60,470
Drumkeen,Donegal,54.8660308,-7.7513945,38,2,4,0,366,22,432
Drumkeeran,Leitrim,54.169409,-8.142664,6,0,0,2,184,70,262
Drumlish,Longford,53.8205903,-7.768414,230,0,18,18,976,172,1414
Drumod,Leitrim,53.8575697,-7.9208348,156,4,2,26,668,30,886
Drumshanbo,Leitrim,54.0478004,-8.0400238,40,0,6,12,1028,238,1324
Drumsna,Leitrim,53.9269176,-8.0079271,44,2,0,2,272,2,322
Duagh,Kerry,52.4147893,-9.3901918,22,0,4,0,292,44,362
Dublin city and suburbs,Dublin,53.3498053,-6.2603097,225800,9312,2960,104860,689012,440362,1472306
Duleek,Meath,53.6547501,-6.4221752,1450,8,14,46,4580,358,6456
Dumha Thuama,Mayo,54.0645,-9.5357,34,0,0,2,60,4,100
Dunboyne,Meath,53.4192677,-6.4758857,742,32,32,528,5740,2594,9668
Duncannon,Wexford,52.2206117,-6.9325606,12,0,0,2,192,34,240
Duncormick,Wexford,52.2285412,-6.6550542,26,0,0,0,178,12,216
Dundalk,Louth,53.9979451,-6.405957,4392,110,84,440,31450,11704,48180
Dunderrow,Cork,51.726487,-8.5874569,30,0,0,0,216,70,316
Dundrum,Tipperary,52.5595234,-8.0432251,56,0,0,0,188,28,272
Dunfanaghy,Donegal,55.1834711,-7.9694369,52,0,2,0,318,68,440
Dungarvan,Waterford,52.0936763,-7.6203627,326,12,30,14,7846,3138,11366
Dunhill,Waterford,52.1737783,-7.2637558,28,2,2,0,244,34,310
Dunkineely,Donegal,54.6320711,-8.3570787,58,0,2,0,288,36,384
Dunlavin,Wicklow,53.0578764,-6.7016395,14,4,4,0,828,340,1190
Dunleer,Louth,53.8310533,-6.3944559,202,4,14,10,1772,682,2684
Dunmanway,Cork,51.7222571,-9.1118088,62,2,10,6,1636,446,2162
Dunmore,Galway,53.6180163,-8.7441461,26,0,2,0,556,208,792
Dunmore East,Waterford,52.1527666,-6.994804,228,0,6,10,1632,232,2108
Dunshaughlin,Meath,53.5135229,-6.5402525,820,14,18,116,5936,2000,8904
Durrow,Laois,52.8462248,-7.3949802,144,0,10,12,784,156,1106
Durrus,Cork,51.6217112,-9.521993,54,0,2,0,312,54,422
Easky,Sligo,54.286325,-8.9623692,16,0,2,0,182,40,240
Edenderry,Offaly,53.3432235,-7.0517202,672,22,24,34,6330,2434,9516
Edgeworthstown,Longford,53.6956862,-7.608493,406,2,2,72,1280,458,2220
Elphin,Roscommon,53.8522697,-8.1978488,34,2,4,10,546,174,770
Emly,Tipperary,52.4633291,-8.3498992,34,0,0,2,298,52,386
Emo,Laois,53.097203,-7.208535,40,2,2,6,242,32,324
Emyvale,Monaghan,54.3409914,-6.9592612,108,0,6,0,580,86,780
Enfield,Meath,53.4142026,-6.8296541,776,12,8,146,2992,1242,5176
Ennis,Clare,52.8474255,-8.9887384,1002,58,70,246,26250,5554,33180
Enniscorthy,Wexford,52.5031135,-6.5727721,732,18,38,30,9258,2958,13034
Enniscrone,Sligo,54.2136818,-9.0908352,36,0,2,12,1022,264,1336
Enniskerry,Wicklow,53.1935037,-6.1707299,216,14,14,106,1788,166,2304
Ennistimon,Clare,52.940372,-9.2934951,22,6,4,4,780,400,1216
Errill,Laois,52.8599496,-7.6769934,34,0,4,0,196,14,248
Eyrecourt,Galway,53.1997171,-8.131427,36,0,2,4,172,36,250
Fahan,Donegal,55.0876125,-7.4724123,66,0,2,0,504,14,586
Farran,Cork,51.8733225,-8.7204343,28,0,4,0,356,24,412
Feakle,Clare,52.9260682,-8.6486521,10,0,0,0,72,20,102
Fedamore,Limerick,52.5455071,-8.6016177,46,0,0,0,414,14,474
Fenit,Kerry,52.2784045,-9.8612114,28,0,4,4,630,68,734
Fennagh,Carlow,52.71467,-6.84615,130,0,4,4,474,20,632
Ferbane,Offaly,53.27195,-7.8278719,28,2,4,12,1148,214,1408
Fermoy,Cork,52.1378017,-8.2752606,286,22,20,10,5744,1994,8076
Ferns,Wexford,52.5909249,-6.4980105,196,2,6,0,932,300,1436
Fethard,Tipperary,52.4659436,-7.6927334,94,0,10,8,1496,356,1964
Fethard,Wexford,52.1923021,-6.8402183,64,0,0,0,286,28,378
Fiddown,Kilkenny,52.331516,-7.313796,42,0,2,0,514,20,578
Fieries,Kerry,52.17019,-9.59718,124,2,6,0,630,154,916
Foxford,Mayo,53.9807726,-9.113245,62,0,4,6,1256,200,1528
Foynes,Limerick,52.6102719,-9.1048617,46,0,0,0,446,78,570
Freemount,Cork,52.2768369,-8.8847534,28,0,0,0,274,44,346
Frenchpark,Roscommon,53.8695107,-8.4074282,60,0,6,4,392,76,538
Freshford,Kilkenny,52.7325067,-7.3981631,84,2,8,0,406,84,584
Galbally,Limerick,52.4000202,-8.2936733,32,0,2,4,194,36,268
Galway city and suburbs,Galway,53.274001,-9.0512662,11670,316,208,380,57788,29600,99962
Garristown,Dublin,53.5668673,-6.3835624,244,2,0,6,522,88,862
Geashill,Offaly,53.2352224,-7.3209776,64,2,2,8,310,94,480
Glanworth,Cork,52.1866296,-8.3567369,84,2,0,6,576,122,790
Glaslough,Monaghan,54.3172784,-6.8971168,46,0,4,2,430,38,520
Glassan,Westmeath,53.4699107,-7.8639073,16,0,0,8,214,18,256
Gleann Cholm Cille,Donegal,54.7080885,-8.7295157,14,0,0,0,110,38,162
Glenamaddy,Galway,53.6055461,-8.5604032,32,0,8,0,414,214,668
Glenbeigh,Kerry,52.0561861,-9.9403477,32,2,0,2,354,36,426
Glencullen,Dublin,53.2224638,-6.216138,18,2,2,34,408,38,502
Glenealy,Wicklow,52.9666341,-6.1445729,102,4,10,10,612,72,810
Gleneely,Donegal,55.2387477,-7.1466476,36,0,4,0,216,38,294
Glengarriff,Cork,51.7500277,-9.5522224,34,0,0,2,142,42,220
Glenties,Donegal,54.7971669,-8.2830316,30,0,6,0,802,196,1034
Glenville,Cork,52.0456579,-8.4254293,130,2,4,0,568,102,806
Glin,Limerick,52.5688921,-9.2819067,56,0,0,0,508,122,686
Gneevgullia,Kerry,52.1166851,-9.2719471,50,0,6,2,320,32,410
Gob an Choire,Mayo,53.9302564,-9.9266332,8,0,0,0,168,52,228
Golden,Tipperary,52.4984411,-7.9807495,36,0,6,8,334,42,426
Goresbridge,Kilkenny,52.6297084,-6.9940878,22,0,0,6,248,44,320
Gorey,Wexford,52.6757355,-6.2943022,796,26,28,104,9662,3736,14352
Gormanston,Meath,53.6419159,-6.2480288,28,0,0,20,284,24,356
Gort,Galway,53.0666432,-8.8187486,174,2,4,30,2222,678,3110
Gort An Choirce,Donegal,55.116926,-8.1400725,28,0,4,0,280,46,358
Gortnahoo,Tipperary,52.6759449,-7.6025618,46,0,6,0,242,64,358
Gowran,Kilkenny,52.6290523,-7.0665112,116,0,6,4,784,130,1040
Graiguenamanagh-Tinnahinch,Kilkenny,52.5441348,-6.9594397,82,6,2,14,976,282,1362
Granard,Longford,53.7791755,-7.4923774,28,0,4,2,614,388,1036
Grange,Sligo,54.3932789,-8.5220973,40,0,0,2,532,198,772
Greencastle,Donegal,55.203361,-6.9875478,158,4,10,4,1194,84,1454
Grenagh,Cork,52.0104774,-8.610667,106,0,2,0,934,28,1070
Greystones-Delgany,Wicklow,53.1491175,-6.0793414,1972,104,78,2674,17024,4688,26540
Gurteen,Sligo,53.9959002,-8.5226889,50,0,2,2,412,78,544
Hacketstown,Carlow,52.8653857,-6.5586053,12,0,6,0,486,224,728
Halfway,Cork,51.80402,-8.57161,32,0,6,0,328,0,366
Headford,Galway,53.4694617,-9.106134,58,0,12,0,1222,220,1512
Holycross,Tipperary,52.6397686,-7.8701793,54,0,0,26,716,48,844
Hospital,Limerick,52.4743003,-8.4324543,36,0,2,2,550,182,772
Inagh,Clare,52.8769834,-9.1767645,18,0,2,0,214,18,252
Inchigeelagh,Cork,51.8424464,-9.1264323,6,0,0,0,128,20,154
Inishannon,Cork,51.7649008,-8.6574773,144,4,2,0,1066,248,1464
Inistioge,Kilkenny,52.4884908,-7.0654589,44,0,0,0,236,40,320
Inniskeen,Monaghan,54.00316,-6.58406,50,2,8,0,316,72,448
Irishtown,Mayo,53.6627806,-8.8900518,22,0,6,0,168,32,228
Jenkinstown,Louth,54.0160556,-6.3103519,86,0,6,8,416,2,518
Johnstown,Kildare,53.2370579,-6.6217975,458,0,4,24,1412,88,1986
Johnstown,Kilkenny,52.7485178,-7.556993,20,2,0,0,358,88,468
Johnstownbridge,Kildare,53.4019965,-6.8552033,160,0,4,20,610,108,902
Julianstown,Meath,53.6729374,-6.285651,146,2,0,26,650,114,938
Kanturk,Cork,52.1772549,-8.9051669,152,2,18,28,2498,668,3366
Keadew,Roscommon,54.0511423,-8.1377557,22,0,2,4,168,14,210
Keel-Dooagh,Mayo,53.9749643,-10.1266688,52,0,2,2,356,56,468
Keenagh,Longford,53.622007,-7.8147206,162,0,2,8,640,136,948
Kells,Kilkenny,52.5396697,-7.2731871,32,0,2,2,346,26,408
Kells,Meath,53.7271803,-6.8769723,884,16,20,8,5138,1700,7766
Kenmare,Kerry,51.8801017,-9.5835202,74,4,8,8,1982,732,2808
Kentstown,Meath,53.6275364,-6.5333411,312,2,4,0,1126,204,1648
Kernanstown,Carlow,52.835854,-6.9324744,6,0,0,2,218,28,254
Keshcarrigan,Leitrim,54.0188646,-7.9425264,42,0,0,4,188,12,246
Kilbeggan,Westmeath,53.3684574,-7.4994634,60,2,12,8,1288,434,1804
Kilberry,Kildare,53.0311398,-7.016987,36,0,4,4,290,22,356
Kilbrin,Cork,51.8812776,-8.4408691,18,0,2,0,186,26,232
Kilbrittain,Cork,51.6735577,-8.6917337,34,0,2,0,216,46,298
Kilcloon,Meath,53.42723,-6.58392,42,2,2,30,456,62,594
Kilcock,Kildare,53.3994266,-6.6681233,976,38,20,696,7518,2534,11782
Kilcolgan,Galway,53.210233,-8.8694383,26,0,2,2,226,26,282
Kilcoole,Wicklow,53.1062723,-6.0645861,536,20,14,300,3924,1146,5940
Kilcormac,Offaly,53.1764113,-7.7274112,44,2,14,4,760,270,1094
Kilcullen,Kildare,53.1302865,-6.7452791,228,10,12,76,3584,1384,5294
Kilcummin,Kerry,52.0984108,-9.4700704,34,0,0,4,740,36,814
Kildalkey,Meath,53.5714499,-6.9060291,166,6,4,4,690,172,1042
Kildangan,Kildare,53.1052189,-7.0137601,118,0,2,26,500,88,734
Kildare,Kildare,53.1598059,-6.9089763,1012,30,22,724,9220,2192,13200
Kildavin,Carlow,52.683205,-6.6849832,6,0,4,0,172,22,204
Kildimo,Limerick,52.6237328,-8.8120969,44,0,0,0,604,44,692
Kildorrery,Cork,52.2464986,-8.4273898,46,0,2,2,352,72,474
Kildrum,Donegal,54.9791343,-7.4194454,66,0,2,2,610,6,686
Kildysart,Clare,52.6739738,-9.1075349,14,0,4,0,438,96,552
Kilfenora,Clare,52.9899429,-9.218327,16,2,0,0,118,30,166
Kilfinnane,Limerick,52.3591426,-8.4682225,30,2,6,2,560,216,816
Kilflynn,Kerry,52.3505422,-9.6253164,2,0,0,2,178,14,196
Kilgarvan,Kerry,51.9031476,-9.4384061,18,2,0,0,268,30,318
Kilkee,Clare,52.6828228,-9.6444116,40,0,4,0,552,196,792
Kilkelly,Mayo,53.8717922,-8.8502415,26,0,2,0,440,42,510
Kilkenny,Kilkenny,52.6549027,-7.2464029,1564,82,66,252,21044,8804,31812
Kilkishen,Clare,52.8071551,-8.7470346,94,2,10,2,652,110,870
Kill,Kildare,53.2487063,-6.5905306,808,14,8,24,3654,604,5112
Kill,Waterford,52.1758844,-7.3353921,72,2,2,0,276,72,424
Killala,Mayo,54.2125146,-9.2209999,68,0,4,2,472,74,620
Killaloe,Clare,52.808886,-8.4475152,96,0,16,0,1234,504,1850
Killarney,Kerry,52.0598646,-9.5043629,750,42,56,96,10416,4364,15724
Killashee,Longford,53.6812889,-7.8793228,16,0,0,2,202,22,242
Killavullen,Cork,52.1465049,-8.5166811,34,0,4,0,278,52,368
Killeagh,Cork,51.9424888,-7.9920158,156,0,0,16,846,166,1184
Killeigh,Offaly,53.2140733,-7.4503427,44,0,0,6,166,26,242
Killenard,Laois,53.1349458,-7.1478515,92,0,4,40,606,166,908
Killenaule,Tipperary,52.5684251,-7.6734719,38,2,6,2,612,106,766
Killeshandra,Cavan,54.0138727,-7.5282313,36,0,0,0,152,56,244
Killimor,Galway,53.1656231,-8.2910516,30,0,6,2,238,54,330
Killinierin,Wexford,52.7300058,-6.2850306,26,0,2,6,288,46,368
Killorglin,Kerry,52.1063508,-9.7843403,84,8,6,10,1798,582,2488
Killucan-Rathwire,Westmeath,53.5138676,-7.1428989,204,2,12,8,1398,374,1998
Killumney,Cork,51.8637285,-8.6539137,156,0,6,0,1816,90,2068
Killurin,Offaly,53.2173433,-7.5509127,30,0,2,4,166,6,208
Killurin,Wexford,53.2173433,-7.5509127,10,0,4,0,276,6,296
Killybegs,Donegal,54.6347625,-8.4547084,34,2,8,2,1030,238,1314
Killygordon,Donegal,54.7968309,-7.6835354,110,0,0,0,652,116,878
Kilmacanogue,Wicklow,53.16901,-6.13946,142,4,18,52,1032,142,1390
Kilmacow,Kilkenny,52.3120805,-7.1765298,68,2,4,0,666,42,782
Kilmacrennan,Donegal,55.030269,-7.7793541,176,2,4,0,744,100,1026
Kilmacthomas,Waterford,52.2054897,-7.4267652,38,2,10,0,810,192,1052
Kilmaine,Mayo,53.5811547,-9.1227567,30,0,2,2,150,34,218
Kilmainhamwood,Meath,53.852351,-6.8048926,56,2,4,2,192,68,324
Kilmaley,Clare,52.8188446,-9.1088116,38,2,0,2,354,12,408
Kilmallock,Limerick,52.3986185,-8.5715956,36,2,10,2,1210,458,1718
Kilmead,Kildare,53.0347993,-6.9022241,78,0,6,8,308,68,468
Kilmeaden,Waterford,52.23333,-7.24281,22,0,0,0,476,6,504
Kilmeage,Kildare,53.2510535,-6.8399263,168,2,4,14,1102,46,1336
Kilmessan,Meath,53.5588885,-6.6589527,156,2,0,8,836,222,1224
Kilmihil,Clare,52.7208888,-9.3198723,6,0,6,4,394,92,502
Kilmoganny,Kilkenny,52.4614727,-7.3282056,22,0,0,0,226,24,272
Kilmore,Wexford,52.2056319,-6.5473792,12,4,0,0,204,24,244
Kilmore Quay,Wexford,52.1757194,-6.5863919,80,0,8,0,328,44,460
Kilmuckridge,Wexford,52.5130885,-6.2839346,48,6,4,0,604,206,868
Kilmurry,Clare,52.7781704,-8.7826372,56,0,2,0,248,30,336
Kilnaleck,Cavan,53.8622249,-7.3213784,60,2,4,0,392,140,598
Kilpedder,Wicklow,53.1103735,-6.1055471,178,6,12,54,1236,56,1542
Kilrush,Clare,52.6406999,-9.4859374,36,2,10,6,1502,696,2252
Kilsheelan,Tipperary,52.3611942,-7.5803877,124,0,2,0,876,102,1104
Kilteel,Kildare,53.2359545,-6.5215142,42,4,0,8,270,4,328
Kilteely,Limerick,52.55402,-8.391495,18,0,0,0,186,10,214
Kiltimagh,Mayo,53.8494839,-8.9994739,30,2,10,12,1062,280,1396
Kilworth,Cork,52.1760533,-8.2473123,142,4,10,0,1070,308,1534
Kingscourt,Cavan,53.9068739,-6.8052229,140,0,20,6,2924,636,3726
Kinlough,Leitrim,54.4487146,-8.2858213,138,0,18,2,1198,172,1528
Kinnegad,Westmeath,53.4568103,-7.1049959,884,10,8,18,2380,656,3956
Kinnitty,Offaly,53.097806,-7.7189969,38,0,0,0,238,58,334
Kinsale,Cork,51.7058853,-8.5222327,306,16,20,20,4692,1788,6842
Kinsaley,Dublin,53.4245123,-6.1763644,112,0,2,92,742,86,1034
Kinsealy-Drinan,Dublin,53.4245123,-6.1763644,1758,44,34,142,6546,2020,10544
Kinvarra,Galway,53.1389085,-8.9362964,56,0,6,4,600,272,938
Knightstown,Kerry,51.9253777,-10.2918805,32,6,0,0,164,28,230
Knock,Mayo,53.7900638,-8.921466,82,2,6,2,746,108,946
Knockananna,Wicklow,52.8728719,-6.4970477,34,0,8,2,184,14,242
Knockbridge,Louth,53.9718223,-6.4862811,118,4,2,4,728,164,1020
Knockcroghery,Roscommon,53.5743895,-8.0922325,56,0,2,4,426,44,532
Knocklong,Limerick,52.4373844,-8.4117892,26,0,4,0,200,14,244
Knocknagree,Cork,51.8897908,-8.4983892,20,2,0,0,188,38,248
Knockraha,Cork,51.9579423,-8.3400979,56,2,0,4,536,180,778
Knocktopher,Kilkenny,52.4856956,-7.2171076,22,0,2,0,180,16,220
Lackaghbeg,Galway,53.3659038,-8.8813396,116,0,8,2,584,156,866
Ladysbridge,Cork,51.8976083,-8.0433337,228,2,0,8,872,40,1150
Laghy,Donegal,54.6182,-8.0876,2,0,4,0,154,24,184
Lahardane,Mayo,54.0295472,-9.3220186,36,0,0,0,222,18,276
Lanesborough-Ballyleague,Roscommon,53.6744226,-7.9929157,108,2,2,16,1564,304,1996
Laragh,Wicklow,53.0089293,-6.3004389,52,2,2,2,386,92,536
Laytown-Bettystown-Mornington-Donacarney,Meath,53.698611,-6.244722,3678,46,40,836,13256,2456,20312
Leap,Cork,51.5811998,-9.1408671,4,2,2,0,124,4,136
Legan,Longford,53.6212481,-7.6308386,48,0,4,0,290,58,400
Lehinch,Clare,52.9334632,-9.3440769,36,2,0,2,794,108,942
Leighlinbridge,Carlow,52.7360519,-6.9759183,126,0,0,8,992,122,1248
Leitrim,Leitrim,53.99019,-8.06501,80,0,4,6,696,126,912
Leixlip,Kildare,53.3638428,-6.4900033,2236,94,32,1842,11794,4658,20656
Lemybrien,Waterford,52.1683402,-7.5195837,20,0,6,0,272,6,304
Letterkenny,Donegal,54.9558392,-7.7342787,2608,14,68,30,19522,3916,26158
Lifford,Donegal,54.8328751,-7.4856389,192,0,8,2,1268,182,1652
Limerick city and suburbs,Limerick,52.663839,-8.6267299,9668,368,194,318,69568,30006,110122
Liscannor,Clare,52.9383667,-9.3922452,6,0,0,0,100,6,112
Liscarroll,Cork,52.2600728,-8.8041711,14,0,0,0,190,40,244
Lisdoonvarna,Clare,53.0301669,-9.2897106,10,2,0,0,294,154,460
Lismore,Waterford,52.1358184,-7.9376803,54,4,20,0,1030,510,1618
Lisronagh,Tipperary,52.417443,-7.7028889,26,2,2,0,230,16,276
Lissycasey,Clare,52.7446724,-9.158153,86,0,2,0,512,4,604
Listowel,Kerry,52.4460488,-9.4853655,224,4,18,12,3958,884,5100
Littleton,Tipperary,52.6369829,-7.735419,60,0,2,4,286,82,434
Lixnaw,Kerry,52.4064615,-9.6181275,128,2,4,0,794,70,998
Loch An Iúir,Donegal,54.9981527,-8.2915053,72,0,0,0,310,26,408
Loch Gowna,Cavan,53.8737049,-7.5336731,8,0,0,0,144,36,188
Longford,Longford,53.7276296,-7.7932573,760,12,36,212,6942,3074,11036
Longwood,Meath,53.4550101,-6.9247866,136,2,14,20,1482,706,2360
Loughglinn,Roscommon,53.8225476,-8.561583,10,0,4,2,154,34,204
Loughrea,Galway,53.1989136,-8.5660931,418,8,20,10,5490,1404,7350
Loughshinny,Dublin,53.549228,-6.0829049,108,6,4,62,494,122,796
Louisburgh,Mayo,53.7631376,-9.8090849,12,0,2,0,300,64,378
Louth,Louth,53.9507955,-6.5406821,142,2,2,2,610,102,860
Lusk,Dublin,53.5263264,-6.1658841,1536,48,22,634,7048,2784,12072
Lyre,Cork,52.0817595,-8.8580581,22,0,0,0,148,50,220
Macroom,Cork,51.9048039,-8.9588478,160,6,24,8,3924,1064,5186
Maigh Cuilinn,Galway,53.3387481,-9.1814776,284,6,8,10,2096,442,2846
Malahide,Dublin,53.4509236,-6.1501378,2010,46,44,3284,12698,4340,22422
Malin,Donegal,55.2949279,-7.2630825,2,0,0,0,64,8,74
Mallow,Cork,52.1389762,-8.6539164,582,22,62,428,12144,2932,16170
Manor Kilbride,Wicklow,53.1986734,-6.4669351,20,0,4,2,184,6,216
Manorcunningham,Donegal,54.9552585,-7.6233678,178,0,6,2,766,24,976
Manorhamilton,Leitrim,54.3048735,-8.1766956,64,2,12,4,1306,522,1910
Maynooth,Kildare,53.3812896,-6.5918499,1766,84,34,2166,12062,7018,23130
Midleton,Cork,51.9143321,-8.1726276,976,32,24,718,13762,3020,18532
Milford,Cork,51.8721994,-8.4998655,20,0,0,0,254,20,294
Milford,Donegal,55.0883927,-7.6989621,74,4,8,0,932,160,1178
Millstreet,Cork,52.0601318,-9.0647121,76,0,20,18,1642,314,2070
Milltown,Galway,53.6137016,-8.898962,28,0,4,2,242,8,284
Milltown,Kerry,52.1451912,-9.7175069,70,2,4,4,1042,296,1418
Milltown,Kildare,53.2051083,-6.8611927,28,4,14,12,366,26,450
Miltown Malbay,Clare,52.8562013,-9.4007763,36,0,2,4,852,116,1010
Mitchelstown,Cork,52.2662127,-8.2698863,110,4,4,2,3010,1094,4224
Moate,Westmeath,53.3949987,-7.7186188,140,6,6,22,2698,558,3430
Model Village or Dripsey,Cork,51.9143772,-8.7420906,56,0,4,0,306,10,376
Mogeely,Cork,51.8861108,-8.4989926,64,4,2,4,554,24,652
Mohill,Leitrim,53.9218288,-7.8653101,26,0,6,14,742,222,1010
Monaghan,Monaghan,54.2492434,-6.9683082,466,10,22,22,6608,1998,9126
Monamolin,Wexford,52.556856,-6.3496134,58,0,0,0,252,18,328
Monard,Tipperary,52.5107814,-8.2232875,28,0,6,8,260,50,352
Monasterevin,Kildare,53.1400651,-7.060377,530,10,26,248,5018,966,6798
Moneenroe,Kilkenny,52.8321545,-7.1717865,60,0,6,2,744,62,874
Moneygall,Offaly,52.8797376,-7.9578079,48,0,2,2,360,34,446
Monivea,Galway,53.374262,-8.702721,26,0,4,8,508,62,608
Mooncoin,Kilkenny,52.2951348,-7.2565554,72,0,6,6,976,214,1274
Moroe,Limerick,52.649444,-8.39949,192,4,8,0,1510,232,1946
Mountbellew,Galway,53.47188,-8.5049,32,0,2,2,788,126,950
Mountcharles,Donegal,54.6474421,-8.1947189,98,2,4,2,660,82,848
Mountcollins,Limerick,52.3220585,-9.2386125,22,2,4,0,220,4,252
Mountmellick,Laois,53.1181481,-7.3267379,278,2,14,140,4194,1190,5818
Mountrath,Laois,53.0025597,-7.4751396,160,4,10,26,1590,456,2246
Mountshannon,Clare,52.9337525,-8.4330044,28,0,2,0,220,28,278
Moville,Donegal,55.1890182,-7.0400533,106,2,6,2,1038,280,1434
Moylough,Galway,53.4877053,-8.565876,54,0,0,2,648,50,754
Mucklagh,Offaly,53.250532,-7.5501754,102,2,6,26,930,116,1182
Muff,Donegal,55.0680564,-7.2689498,220,4,10,0,1458,108,1800
Muinebeag (Bagenalstown),Carlow,52.7007292,-6.9570556,102,4,14,60,2138,1054,3372
Mullagh,Cavan,53.8115174,-6.9459818,322,2,10,2,1490,304,2130
Mullaghmore,Sligo,54.4655463,-8.4494545,10,0,4,2,114,8,138
Mullinahone,Tipperary,52.512032,-7.5057086,66,2,0,0,418,98,584
Mullinavat,Kilkenny,52.3679303,-7.1711881,18,0,0,2,164,20,204
Mullingar,Westmeath,53.5259334,-7.3381378,1004,64,90,544,19164,5576,26442
Mulranny,Mayo,53.9061783,-9.7813773,52,0,0,0,206,52,310
Multyfarnham,Westmeath,53.6252723,-7.3893159,42,0,4,4,360,96,506
Mungret,Limerick,52.6356745,-8.693502,42,0,0,2,422,38,504
Murntown,Wexford,52.28724,-6.5222437,28,2,0,0,376,32,438
Myrtleville,Cork,51.7829961,-8.3003542,70,0,10,6,952,64,1102
Myshall,Carlow,52.6858791,-6.7804051,52,0,0,2,260,26,340
Mín Lárach,Donegal,55.1451784,-8.1850861,64,0,2,4,356,20,446
Na Dúnaibh,Donegal,55.1948628,-7.8369654,122,0,6,0,502,38,668
Na Forbacha,Galway,53.24918,-9.20495,80,0,0,4,812,124,1020
Naas,Kildare,53.2205654,-6.6593079,2620,128,76,1500,23488,6738,34550
Narraghmore,Kildare,53.0486801,-6.8294142,100,4,0,6,440,18,568
Naul,Dublin,53.5850362,-6.2889999,104,0,6,26,712,128,976
Navan,Meath,53.647092,-6.6966605,4880,88,96,140,28866,9904,43974
Nenagh,Tipperary,52.8642968,-8.1975561,450,14,24,22,8688,2992,12190
New Ross,Wexford,52.3958337,-6.9454567,668,14,34,12,6710,1810,9248
Newbawn,Wexford,52.3428304,-6.7912642,24,0,0,0,142,18,184
Newbliss,Monaghan,54.1576466,-7.1368133,44,0,0,0,326,50,420
Newbridge,Kildare,53.1750758,-6.8047467,1836,94,66,1736,20074,7288,31094
Newcastle,Dublin,53.2998135,-6.5010237,780,20,10,126,4108,1034,6078
Newcastle,Tipperary,52.2725965,-7.8112834,64,0,2,0,264,94,424
Newcastle,Wicklow,53.0733552,-6.057185,160,8,4,62,938,94,1266
Newcastle West,Limerick,52.4492389,-9.0499054,444,4,14,12,6540,1564,8578
Newmarket,Cork,52.2140232,-9.0030815,48,0,8,6,958,128,1148
Newmarket-On-Fergus,Clare,52.7605328,-8.8957501,208,8,4,2,1848,286,2356
Newport,Mayo,53.8852758,-9.5463685,68,0,8,2,652,134,864
Newport,Tipperary,52.7108963,-8.4062084,112,2,6,0,2352,538,3010
Newtown,Cork,51.8282409,-8.3803862,30,0,6,0,444,70,550
Newtown,Laois,52.8630266,-7.1082572,36,0,2,0,274,18,330
Newtown,Tipperary,52.8778127,-8.292807,24,0,6,0,484,68,582
Newtowncunningham,Donegal,54.9988175,-7.5127836,246,2,4,2,1014,176,1444
Newtownforbes,Longford,53.7654838,-7.835621,112,2,2,14,710,114,954
Newtownmountkennedy,Wicklow,53.0927815,-6.112023,670,14,26,68,3318,576,4672
Newtownsandes,Kerry,52.50166,-9.3705609,40,0,0,0,308,42,390
Nobber,Meath,53.8217066,-6.7479398,28,0,0,0,280,152,460
Nurney,Kildare,53.0966332,-6.9482121,84,0,6,16,440,114,660
O'Briensbridge-Montpelier,Clare,52.7506039,-8.496743,56,0,10,0,430,12,508
Oilgate,Wexford,52.42101,-6.52994,40,0,4,0,352,46,442
Oldcastle,Meath,53.7700178,-7.1624118,44,2,16,4,1108,604,1778
Oldtown,Dublin,53.522678,-6.3154307,92,2,6,2,530,54,686
Omeath,Louth,54.0882604,-6.2593365,124,2,6,0,558,92,782
Oola,Limerick,52.5296598,-8.2596358,36,0,2,4,258,28,328
Oram,Monaghan,54.1508756,-6.7016152,16,0,4,0,164,24,208
Oranmore,Galway,53.2647506,-8.9297335,436,18,10,120,5970,1400,7954
Oughterard,Galway,53.4285481,-9.3189472,134,6,8,4,1696,336,2184
Oulart,Wexford,52.5039145,-6.3908617,22,0,2,4,214,24,266
Palatine,Carlow,52.8649974,-6.8610348,16,0,2,4,348,6,376
Pallasgreen,Limerick,52.54873,-8.355185,52,0,2,0,202,20,276
Pallaskenry,Limerick,52.6447411,-8.8674281,12,0,4,0,584,168,768
Parteen,Clare,52.696836,-8.6149881,32,2,4,4,776,160,978
Passage East,Waterford,52.2396938,-6.974395,40,4,2,0,712,74,832
Passage West-Monkstown,Cork,51.8485442,-8.3325695,654,24,28,6,6240,678,7630
Patrickswell,Limerick,52.5980577,-8.7072844,114,4,4,0,728,134,984
Paulstown,Kilkenny,52.6793223,-7.021359,154,2,2,0,996,132,1286
Pettigo,Donegal,54.54943,-7.8320339,20,0,2,0,96,16,134
Piercetown,Wexford,52.28786,-6.48747,16,0,2,0,296,36,350
Piltown,Kilkenny,52.3511631,-7.3313381,184,2,8,2,1212,208,1616
Pollagh,Offaly,53.2768407,-7.709173,54,0,2,0,178,18,252
Portarlington,Laois,53.1616096,-7.1895142,1172,18,36,650,7934,1676,11486
Portlaoise,Laois,53.0328123,-7.2987933,2156,64,84,792,20472,4610,28178
Portlaw,Waterford,52.2892657,-7.3147439,380,8,4,2,1696,332,2422
Portmagee,Kerry,51.8854295,-10.36194,30,0,4,0,68,30,132
Portmarnock,Dublin,53.418712,-6.1549015,724,42,16,2170,6590,2954,12496
Portrane,Dublin,53.4932,-6.11462,166,10,8,136,1006,118,1444
Portroe,Tipperary,52.8847,-8.344875,62,0,6,0,454,44,566
Portumna,Galway,53.0927811,-8.2185406,32,0,6,12,1286,448,1784
Prosperous,Kildare,53.2881253,-6.7550083,310,6,8,34,2222,552,3132
Puckaun,Tipperary,52.931884,-8.2385501,24,0,0,0,222,28,274
Quigleys Point,Donegal,55.1248808,-7.1949283,52,0,0,0,192,12,256
Quilty,Clare,52.8172567,-9.4559219,6,0,0,0,176,8,190
Quin,Clare,52.8175778,-8.8637803,104,4,6,2,1004,190,1310
Raharney,Westmeath,53.5241052,-7.0960895,30,2,0,4,140,12,188
Ramelton,Donegal,55.0359,-7.64809,204,0,6,0,1006,166,1382
Rampark,Louth,53.97515,-6.48617,78,0,2,4,444,80,608
Rann Na Feirste,Donegal,55.034738,-8.3063621,74,0,2,0,324,30,430
Raphoe,Donegal,54.8738705,-7.5994379,50,0,10,0,784,246,1090
Rathangan,Kildare,53.2210179,-6.9945422,98,10,8,94,3268,784,4262
Rathard-Aherla,Cork,51.8536728,-8.7326019,106,0,6,0,736,18,866
Rathcoffey,Kildare,53.3342027,-6.6786362,56,0,2,12,314,64,448
Rathcoole,Cork,52.0942583,-8.9740651,42,0,2,2,218,36,300
Rathcoole,Dublin,53.2817307,-6.466167,422,32,16,148,4636,2108,7362
Rathcormac,Cork,52.07613,-8.28176,388,6,10,4,1890,518,2816
Rathdowney,Laois,52.8555198,-7.5847973,54,0,4,24,1164,408,1654
Rathdrum,Wicklow,52.9323123,-6.2311012,80,6,8,110,1974,614,2792
Rathkeale,Limerick,52.5225255,-8.9403655,32,0,10,0,590,312,944
Rathmolyon,Meath,53.488177,-6.8036692,84,0,4,12,502,24,626
Rathmore,Kerry,52.0842484,-9.2184337,126,2,6,12,868,40,1054
Rathmullan,Donegal,55.0970707,-7.5363061,50,0,4,2,386,82,524
Rathnew,Wicklow,52.9946004,-6.082812,276,12,22,44,3490,818,4662
Rathowen,Westmeath,53.656076,-7.5203959,32,0,2,0,132,36,202
Rathtoe,Carlow,52.835854,-6.9324744,42,2,0,4,352,50,450
Rathvilly,Carlow,52.8798345,-6.6960481,138,2,8,0,1012,146,1306
Ratoath,Meath,53.5062898,-6.4656801,1544,32,18,116,9354,3642,14706
Rear Cross,Tipperary,52.6863722,-8.2370086,20,0,6,0,114,36,176
Redcross,Wicklow,52.889744,-6.1452741,60,0,0,8,218,38,324
Rhode,Offaly,53.3499888,-7.1989629,156,0,4,0,712,82,954
Ringaskiddy-Loughbeg,Cork,51.8304283,-8.3219487,62,0,8,2,648,86,806
Rivermeade,Dublin,53.45355,-6.28999,132,0,2,0,354,116,604
Riverstick,Cork,51.773023,-8.4960524,238,2,0,2,888,34,1164
Riverstown,Sligo,54.1304398,-8.3952507,38,0,4,2,376,58,478
Robertstown,Kildare,53.269268,-6.8153164,86,2,4,6,792,72,962
Robinstown,Meath,53.5946777,-6.7280973,74,0,4,2,396,108,584
Rochfortbridge,Westmeath,53.4146417,-7.2996835,136,0,24,6,1194,468,1828
Rockcorry,Monaghan,54.1178982,-7.0148381,46,2,4,0,264,46,362
Roosky,Leitrim,53.827075,-7.9168239,94,0,4,12,654,110,874
Roscommon,Roscommon,53.6340165,-8.1819459,254,10,32,70,5814,1560,7740
Roscrea,Tipperary,52.9551789,-7.7984696,388,8,52,22,4808,1314,6592
Rosegreen,Tipperary,52.469442,-7.8327776,22,0,0,0,216,34,272
Rosscahill,Galway,53.38712,-9.24623,38,0,0,0,392,30,460
Rosscarbery,Cork,51.57767,-9.038,14,2,4,0,566,108,694
Rosses Point,Sligo,54.3047546,-8.5640206,68,2,0,8,764,118,960
Rosslare,Wexford,52.2720275,-6.3892254,218,2,8,32,1470,210,1940
Rosslare Harbour,Wexford,52.2513061,-6.3414908,342,2,24,8,1712,258,2346
Roundstone,Galway,53.3964208,-9.9190184,32,0,2,0,124,30,188
Roundwood,Wicklow,53.0657875,-6.2241877,204,4,4,8,778,224,1222
Rush,Dublin,53.5256684,-6.0911586,1790,56,62,1052,8350,2900,14210
Saggart,Dublin,53.284435,-6.4405346,346,30,2,418,2792,834,4422
Saleen,Cork,51.8637224,-8.1618258,86,2,2,10,658,72,830
Sallins,Kildare,53.251067,-6.6652312,1018,28,18,1018,5270,1454,8806
Scarriff-Tuamgraney,Clare,52.8985172,-8.541013,18,0,6,0,470,172,666
Schull,Cork,51.526867,-9.5479801,14,4,6,0,432,180,636
Scotshouse,Monaghan,54.1226216,-7.2471111,74,0,0,0,316,42,432
Scotstown,Monaghan,54.2778889,-7.0669514,68,2,0,6,490,32,598
Shanagarry,Cork,51.8527122,-8.0299249,90,2,8,12,700,78,890
Shanagolden,Limerick,52.5746155,-9.1004049,12,0,0,0,130,8,150
Shanbally,Cork,51.8334141,-8.3570879,32,2,0,0,402,68,504
Shanballymore,Cork,52.2187977,-8.4759914,30,0,2,4,166,38,240
Shannon,Clare,52.7117822,-8.8783365,696,34,38,12,8318,3710,12808
Shannonbridge,Offaly,53.279632,-8.0447213,36,0,0,0,98,6,140
Shercock,Cavan,53.9950108,-6.8979854,70,0,2,2,500,212,786
Shillelagh,Wicklow,52.7545156,-6.5334605,36,0,0,0,376,52,464
Shinrone,Offaly,52.9844035,-7.9245622,82,0,6,4,498,108,698
Shrule,Mayo,53.5202745,-9.0883693,50,0,0,0,364,32,446
Silvermines,Tipperary,52.794361,-8.2366272,36,2,2,0,280,26,346
Sixmilebridge,Clare,52.7420054,-8.7724005,446,10,18,46,2966,478,3964
Skerries,Dublin,53.5805519,-6.1078779,606,34,26,2244,6622,3734,13266
Skibbereen,Cork,51.5559244,-9.2621303,68,2,12,2,2382,880,3346
Slane,Meath,53.7086474,-6.5436512,340,2,6,2,1192,276,1818
Slieverue,Kilkenny,52.2828142,-7.0689659,50,2,2,2,424,66,546
Sligo,Sligo,54.2766103,-8.4760888,978,60,50,102,14140,7430,22760
Smithborough,Monaghan,54.2213027,-7.0981545,80,0,2,0,550,52,684
Sneem,Kerry,51.8373942,-9.8983245,46,0,0,0,184,146,376
Spa,Kerry,52.27539,-9.7885,6,0,0,6,380,40,432
Spanish Point,Clare,52.8466428,-9.4397015,8,0,0,10,220,16,254
St. Johnston,Donegal,54.93468,-7.46136,90,0,0,0,410,76,576
Stamullen,Meath,53.63023,-6.26834,614,4,10,202,3982,870,5682
Stoneyford,Kilkenny,52.5370387,-7.2293169,14,0,0,2,252,26,294
Stradbally,Laois,53.0157983,-7.1494717,186,0,10,18,1126,200,1540
Stradbally,Waterford,52.1313569,-7.4608978,54,0,0,0,516,30,600
Straffan,Kildare,53.3118851,-6.6088248,132,2,0,28,1148,260,1570
Strandhill,Sligo,54.2699901,-8.5989403,134,2,4,16,1956,318,2430
Stratford,Wicklow,52.9878852,-6.6750765,12,0,0,0,214,36,262
Strokestown,Roscommon,53.7758666,-8.1035319,46,0,2,2,620,194,864
Summerhill,Meath,53.4813655,-6.7325147,180,2,10,14,894,106,1206
Suncroft,Kildare,53.1075785,-6.8613827,50,2,0,8,370,70,500
Swanlinbar,Cavan,54.1937636,-7.7047113,24,0,6,0,114,94,238
Swinford,Mayo,53.9437021,-8.950006,44,0,4,2,1068,386,1504
Swords,Dublin,53.4557467,-6.2197406,10364,282,90,422,32242,10730,54130
Taghmon,Wexford,52.3229838,-6.6546699,112,0,12,0,430,152,706
Tagoat,Wexford,52.2454387,-6.3883001,88,0,2,2,508,56,656
Tallanstown,Louth,53.9200662,-6.5471834,110,0,0,8,634,134,886
Tallow,Waterford,52.0921407,-8.0070302,166,0,4,0,712,258,1140
Tarbert,Kerry,52.5724738,-9.3745372,10,0,2,0,360,148,520
Templemore,Tipperary,52.794802,-7.8398609,34,8,12,54,1582,620,2310
Templetuohy,Tipperary,52.78847,-7.72165,24,0,0,0,212,40,276
Termonbarry,Roscommon,53.7422919,-7.9206435,82,4,2,10,772,46,916
Termonfeckin,Louth,53.7610139,-6.2718432,298,4,8,40,1942,198,2490
The Ballagh,Wexford,52.47257,-6.43323,62,0,6,0,574,50,692
The Commons,Tipperary,52.6272156,-7.5466532,8,2,0,4,104,34,152
The Swan,Laois,52.88901,-7.16056,48,0,0,4,270,32,354
Thomastown,Kilkenny,52.5264574,-7.1383205,150,4,14,34,2110,590,2902
Three Mile House,Monaghan,54.21667,-7.0426713,22,0,2,0,130,20,174
Thurles,Tipperary,52.6801064,-7.8044421,184,10,34,184,6750,2124,9286
Tievebane,Donegal,55.0630284,-7.429459,70,2,6,2,490,46,616
Timoleague,Cork,51.6432296,-8.7661887,46,0,0,0,266,176,488
Tinahely,Wicklow,52.7997634,-6.4631844,184,4,10,4,902,142,1246
Tinryland,Carlow,52.7969671,-6.8957413,40,0,8,4,338,30,420
Tinure,Louth,53.79188,-6.419,142,0,0,8,490,122,762
Tipperary,Tipperary,52.4736391,-8.1617622,150,8,20,76,3982,1458,5694
Toomevara,Tipperary,52.8507163,-8.0350506,24,0,0,0,186,56,266
Toornafulla,Limerick,52.36464,-9.15285,28,0,0,0,218,20,266
Tower,Cork,51.92518,-8.60797,322,4,2,0,3950,148,4426
Tralee,Kerry,52.2713096,-9.6999325,1118,48,70,90,19390,6268,26984
Tramore,Waterford,52.1614354,-7.1492952,818,30,28,48,10600,2378,13902
Trim,Meath,53.5523666,-6.7866474,1174,18,30,46,8642,2302,12212
Tuam,Galway,53.5141156,-8.8565177,670,22,34,14,8108,2162,11010
Tubbercurry,Sligo,54.0552258,-8.7298236,160,6,14,8,1916,410,2514
Tulla,Clare,52.8692148,-8.7607816,28,0,6,4,684,180,902
Tullaghan,Leitrim,54.468449,-8.3290498,12,0,4,0,312,12,340
Tullamore,Offaly,53.2752768,-7.4924439,1274,28,52,446,12244,3828,17872
Tullow,Carlow,52.802547,-6.7371517,278,0,20,16,4516,1304,6134
Tullyallen,Louth,53.73661,-6.42244,388,6,4,28,1674,370,2470
Tulsk,Roscommon,53.7799868,-8.2560526,22,0,2,4,184,20,232
Turlough,Mayo,53.8841074,-9.2124764,36,0,2,0,572,8,618
Turloughmore,Galway,53.3821288,-8.853684,30,0,2,0,298,4,334
Two Mile House,Kildare,53.1702248,-6.7003019,76,0,2,22,522,80,702
Twomileborris,Tipperary,52.6725745,-7.711433,34,0,2,8,514,50,608
Tyrrellspass,Westmeath,53.3889615,-7.3773447,42,0,2,2,306,74,426
Unionhall,Cork,51.558803,-9.1434791,54,0,0,0,302,66,422
Urlingford,Kilkenny,52.7205983,-7.5821799,120,2,10,12,876,312,1332
Villierstown,Waterford,52.0882445,-7.850768,50,0,2,0,240,46,338
Virginia,Cavan,53.8344096,-7.0813222,282,6,18,10,2730,878,3924
Walsh Island or Coolagary,Offaly,53.234638,-7.2138556,68,0,4,8,368,92,540
Waterford city and suburbs,Waterford,52.2593197,-7.1100703,3786,284,186,182,48764,14232,67434
Watergrasshill,Cork,52.0113682,-8.3440414,302,0,16,2,2004,456,2780
Waterville,Kerry,51.829465,-10.1745436,102,0,6,0,388,108,604
Westport,Mayo,53.8011505,-9.5223,358,12,10,50,5124,2274,7828
Wexford,Wexford,52.336916,-6.4633381,980,52,66,82,17430,5748,24358
Whitechurch,Cork,51.9840023,-8.5164699,66,4,4,0,1048,12,1134
Whitegate,Clare,52.9505524,-8.3729064,18,0,2,0,172,8,200
Whitegate,Cork,51.8267841,-8.2321121,234,2,4,10,1398,90,1738
Wicklow,Wicklow,52.9808207,-6.044589,1070,38,40,464,11564,2834,16010
Williamstown,Galway,53.6777196,-8.579964,10,0,2,0,176,28,216
Woodford,Galway,53.0521803,-8.4002368,2,0,4,0,244,26,276
Youghal,Cork,51.9542704,-7.8471707,786,12,36,22,7088,1338,9282
